date,minute,value
19.02.2022,60,18.1
19.02.2022,61,18.2
19.02.2022,62,16.5
19.02.2022,63,18.25
19.02.2022,64,18.799999999999997
19.02.2022,65,18.55
19.02.2022,66,17.6
19.02.2022,67,16.75
19.02.2022,68,15.5
19.02.2022,69,16.45
19.02.2022,70,17.4
19.02.2022,71,17.4
19.02.2022,72,17.85
19.02.2022,73,16.4
19.02.2022,74,17.5
19.02.2022,75,19.25
19.02.2022,76,19.0
19.02.2022,77,18.7
19.02.2022,78,18.4
19.02.2022,79,18.7
19.02.2022,80,19.2
19.02.2022,81,16.799999999999997
19.02.2022,82,18.6
19.02.2022,83,16.7
19.02.2022,84,19.1
19.02.2022,85,19.450000000000003
19.02.2022,86,17.3
19.02.2022,87,13.3
19.02.2022,88,18.65
19.02.2022,104,0.0
19.02.2022,105,15.75
19.02.2022,116,0.0
19.02.2022,117,17.95
19.02.2022,118,19.8
19.02.2022,119,19.1
19.02.2022,120,18.3
19.02.2022,121,18.15
19.02.2022,122,19.3
19.02.2022,123,18.3
19.02.2022,124,17.5
19.02.2022,125,17.3
19.02.2022,126,17.75
19.02.2022,127,18.4
19.02.2022,128,18.8
19.02.2022,129,19.5
19.02.2022,130,20.2
19.02.2022,131,19.5
19.02.2022,132,20.8
19.02.2022,133,17.9
19.02.2022,134,18.85
19.02.2022,139,0.0
19.02.2022,140,19.6
19.02.2022,141,20.95
19.02.2022,142,20.65
19.02.2022,143,21.0
19.02.2022,144,18.5
19.02.2022,145,19.0
19.02.2022,146,20.1
19.02.2022,147,19.2
19.02.2022,148,20.05
19.02.2022,149,19.7
19.02.2022,150,18.7
19.02.2022,151,19.0
19.02.2022,152,21.05
19.02.2022,153,18.8
19.02.2022,154,19.75
19.02.2022,155,20.3
19.02.2022,156,19.9
19.02.2022,157,18.1
19.02.2022,158,13.2
19.02.2022,159,15.1
19.02.2022,160,16.05
19.02.2022,161,17.0
19.02.2022,162,17.35
19.02.2022,163,13.1
19.02.2022,164,17.75
19.02.2022,165,17.2
19.02.2022,166,16.3
19.02.2022,167,16.1
19.02.2022,168,14.3
19.02.2022,169,16.85
19.02.2022,170,16.5
19.02.2022,171,17.15
19.02.2022,172,17.7
19.02.2022,173,15.5
19.02.2022,174,16.6
19.02.2022,175,16.4
19.02.2022,176,15.45
19.02.2022,177,16.4
19.02.2022,178,15.9
19.02.2022,179,15.0
19.02.2022,180,16.4
19.02.2022,181,16.3
19.02.2022,182,16.3
19.02.2022,183,15.75
19.02.2022,184,15.7
19.02.2022,185,16.0
19.02.2022,186,16.3
19.02.2022,187,17.3
19.02.2022,188,16.7
19.02.2022,189,16.6
19.02.2022,190,16.9
19.02.2022,191,16.0
19.02.2022,192,16.5
19.02.2022,193,16.4
19.02.2022,194,16.3
19.02.2022,195,16.9
19.02.2022,196,17.0
19.02.2022,197,17.2
19.02.2022,198,17.4
19.02.2022,199,17.2
19.02.2022,200,17.1
19.02.2022,201,17.1
19.02.2022,202,17.0
19.02.2022,203,16.7
19.02.2022,204,16.8
19.02.2022,205,17.85
19.02.2022,206,16.8
19.02.2022,207,16.85
19.02.2022,208,17.6
19.02.2022,209,17.0
19.02.2022,210,17.7
19.02.2022,211,16.8
19.02.2022,212,16.6
19.02.2022,213,17.2
19.02.2022,214,17.4
19.02.2022,215,18.1
19.02.2022,216,16.7
19.02.2022,217,17.2
19.02.2022,218,16.9
19.02.2022,219,16.8
19.02.2022,220,17.2
19.02.2022,221,17.45
19.02.2022,222,18.2
19.02.2022,223,17.15
19.02.2022,224,16.7
19.02.2022,225,15.3
19.02.2022,226,14.8
19.02.2022,227,16.0
19.02.2022,228,15.05
19.02.2022,229,16.2
19.02.2022,230,15.9
19.02.2022,231,15.4
19.02.2022,232,18.5
19.02.2022,233,17.0
19.02.2022,234,16.0
19.02.2022,235,15.149999999999999
19.02.2022,236,17.05
19.02.2022,237,15.8
19.02.2022,238,20.85
19.02.2022,239,21.15
19.02.2022,240,14.6
19.02.2022,241,17.5
19.02.2022,242,18.299999999999997
19.02.2022,243,16.6
19.02.2022,244,16.05
19.02.2022,245,15.6
19.02.2022,246,14.6
19.02.2022,247,16.1
19.02.2022,248,14.4
19.02.2022,249,16.05
19.02.2022,250,14.9
19.02.2022,251,15.0
19.02.2022,252,15.7
19.02.2022,253,17.1
19.02.2022,254,18.4
19.02.2022,255,17.9
19.02.2022,256,17.299999999999997
19.02.2022,257,15.75
19.02.2022,258,14.95
19.02.2022,259,15.1
19.02.2022,260,15.8
19.02.2022,261,14.1
19.02.2022,262,15.5
19.02.2022,263,15.2
19.02.2022,264,15.05
19.02.2022,265,15.6
19.02.2022,266,15.5
19.02.2022,267,16.7
19.02.2022,268,16.6
19.02.2022,269,16.2
19.02.2022,270,16.95
19.02.2022,271,16.6
19.02.2022,272,16.1
19.02.2022,273,15.6
19.02.2022,274,15.9
19.02.2022,275,16.9
19.02.2022,276,17.0
19.02.2022,277,17.1
19.02.2022,278,17.35
19.02.2022,279,16.3
19.02.2022,280,17.8
19.02.2022,281,17.9
19.02.2022,282,16.9
19.02.2022,283,15.6
19.02.2022,284,16.9
19.02.2022,285,16.7
19.02.2022,286,17.05
19.02.2022,287,18.35
19.02.2022,288,17.8
19.02.2022,289,17.7
19.02.2022,290,18.3
19.02.2022,291,18.4
19.02.2022,292,19.1
19.02.2022,293,18.3
19.02.2022,294,20.05
19.02.2022,295,19.45
19.02.2022,296,19.45
19.02.2022,297,20.3
19.02.2022,298,20.05
19.02.2022,299,19.3
19.02.2022,300,19.0
19.02.2022,301,18.2
19.02.2022,302,19.35
19.02.2022,303,18.5
19.02.2022,304,18.4
19.02.2022,305,18.3
19.02.2022,306,19.95
19.02.2022,307,18.7
19.02.2022,308,18.5
19.02.2022,309,18.7
19.02.2022,310,18.7
19.02.2022,311,19.85
19.02.2022,312,18.75
19.02.2022,313,18.4
19.02.2022,314,19.5
19.02.2022,315,20.7
19.02.2022,316,20.6
19.02.2022,317,19.9
19.02.2022,318,19.8
19.02.2022,319,17.9
19.02.2022,320,20.45
19.02.2022,321,18.05
19.02.2022,322,19.1
19.02.2022,323,19.1
19.02.2022,324,17.9
19.02.2022,325,21.4
19.02.2022,326,16.95
19.02.2022,327,16.4
19.02.2022,328,18.4
19.02.2022,329,16.5
19.02.2022,330,16.3
19.02.2022,331,15.8
19.02.2022,332,16.5
19.02.2022,333,15.55
19.02.2022,334,17.0
19.02.2022,335,15.5
19.02.2022,336,16.05
19.02.2022,337,15.1
19.02.2022,338,15.0
19.02.2022,339,15.65
19.02.2022,340,18.2
19.02.2022,341,16.9
19.02.2022,342,15.9
19.02.2022,343,15.55
19.02.2022,344,15.3
19.02.2022,345,15.4
19.02.2022,346,13.850000000000001
19.02.2022,347,15.2
19.02.2022,348,15.9
19.02.2022,349,16.3
19.02.2022,350,14.7
19.02.2022,351,14.850000000000001
19.02.2022,352,13.8
19.02.2022,353,17.5
19.02.2022,354,15.6
19.02.2022,355,15.75
19.02.2022,356,16.45
19.02.2022,357,16.75
19.02.2022,358,16.95
19.02.2022,359,17.5
19.02.2022,360,17.6
19.02.2022,361,18.0
19.02.2022,362,16.15
19.02.2022,363,17.1
19.02.2022,364,16.9
19.02.2022,365,16.6
19.02.2022,366,18.9
19.02.2022,367,17.1
19.02.2022,368,19.5
19.02.2022,369,18.15
19.02.2022,370,17.6
19.02.2022,371,18.4
19.02.2022,372,17.75
19.02.2022,373,18.35
19.02.2022,374,15.9
19.02.2022,375,15.95
19.02.2022,376,17.85
19.02.2022,377,16.8
19.02.2022,378,16.75
19.02.2022,379,17.15
19.02.2022,395,0.0
19.02.2022,396,14.850000000000001
19.02.2022,397,17.2
19.02.2022,398,18.7
19.02.2022,399,17.25
19.02.2022,400,18.9
19.02.2022,401,19.6
19.02.2022,402,16.55
19.02.2022,403,17.8
19.02.2022,404,18.2
19.02.2022,405,16.55
19.02.2022,406,19.35
19.02.2022,407,19.25
19.02.2022,408,17.9
19.02.2022,409,19.15
19.02.2022,410,19.7
19.02.2022,411,16.6
19.02.2022,412,15.8
19.02.2022,413,20.45
19.02.2022,414,25.5
19.02.2022,423,0.0
19.02.2022,429,0.0
19.02.2022,445,0.0
19.02.2022,446,0.0
19.02.2022,447,14.95
19.02.2022,448,19.9
19.02.2022,449,18.2
19.02.2022,450,16.65
19.02.2022,451,17.95
19.02.2022,452,16.8
19.02.2022,453,15.8
19.02.2022,454,19.15
19.02.2022,455,16.299999999999997
19.02.2022,456,20.35
19.02.2022,457,17.15
19.02.2022,458,0.0
19.02.2022,459,14.5
19.02.2022,460,17.799999999999997
19.02.2022,461,17.4
19.02.2022,462,14.95
19.02.2022,463,18.450000000000003
19.02.2022,464,22.55
19.02.2022,465,19.9
19.02.2022,466,16.55
19.02.2022,467,14.75
19.02.2022,468,15.6
19.02.2022,469,12.3
19.02.2022,470,15.8
19.02.2022,471,19.3
19.02.2022,472,13.65
19.02.2022,473,16.8
19.02.2022,474,17.2
19.02.2022,475,14.75
19.02.2022,476,19.6
19.02.2022,477,21.3
19.02.2022,478,0.0
19.02.2022,479,0.0
19.02.2022,528,22.9
19.02.2022,529,19.5
19.02.2022,530,21.4
19.02.2022,531,20.25
19.02.2022,532,19.5
19.02.2022,533,22.4
19.02.2022,534,21.95
19.02.2022,535,17.5
19.02.2022,536,0.0
19.02.2022,537,9.5
19.02.2022,538,17.5
19.02.2022,539,20.799999999999997
19.02.2022,540,15.850000000000001
19.02.2022,541,15.95
19.02.2022,542,19.299999999999997
19.02.2022,543,19.75
19.02.2022,544,16.450000000000003
19.02.2022,545,18.25
19.02.2022,546,19.75
19.02.2022,547,16.2
19.02.2022,548,21.65
19.02.2022,549,19.0
19.02.2022,550,16.15
19.02.2022,551,14.15
19.02.2022,552,20.25
19.02.2022,553,14.1
19.02.2022,554,18.8
19.02.2022,555,0.0
19.02.2022,556,0.0
19.02.2022,557,17.0
19.02.2022,558,0.0
19.02.2022,559,22.8
19.02.2022,560,17.5
19.02.2022,561,16.05
19.02.2022,562,17.35
19.02.2022,563,15.75
19.02.2022,564,19.35
19.02.2022,565,13.0
19.02.2022,566,15.7
19.02.2022,567,19.8
19.02.2022,568,16.2
19.02.2022,569,13.350000000000001
19.02.2022,570,0.0
19.02.2022,571,19.6
19.02.2022,572,18.45
19.02.2022,573,23.1
19.02.2022,574,20.299999999999997
19.02.2022,575,18.200000000000003
19.02.2022,576,16.950000000000003
19.02.2022,577,20.5
19.02.2022,578,21.45
19.02.2022,579,17.7
19.02.2022,580,20.05
19.02.2022,581,16.7
19.02.2022,582,18.7
19.02.2022,583,16.4
19.02.2022,584,20.05
19.02.2022,585,20.2
19.02.2022,586,17.6
19.02.2022,587,21.45
19.02.2022,588,22.6
19.02.2022,589,22.049999999999997
19.02.2022,590,17.65
19.02.2022,591,16.65
19.02.2022,592,16.45
19.02.2022,593,18.05
19.02.2022,594,18.0
19.02.2022,595,17.6
19.02.2022,596,14.2
19.02.2022,597,13.75
19.02.2022,598,17.9
19.02.2022,599,12.95
19.02.2022,600,19.35
19.02.2022,601,17.8
19.02.2022,602,18.299999999999997
19.02.2022,603,20.6
19.02.2022,604,16.35
19.02.2022,605,23.35
19.02.2022,606,21.5
19.02.2022,607,21.4
19.02.2022,608,18.700000000000003
19.02.2022,609,16.200000000000003
19.02.2022,610,17.45
19.02.2022,611,17.75
19.02.2022,612,15.7
19.02.2022,613,22.15
19.02.2022,614,18.8
19.02.2022,615,16.950000000000003
19.02.2022,616,20.7
19.02.2022,617,18.35
19.02.2022,618,16.45
19.02.2022,619,18.85
19.02.2022,620,0.0
19.02.2022,621,19.1
19.02.2022,622,20.85
19.02.2022,623,18.9
19.02.2022,624,17.6
19.02.2022,625,21.4
19.02.2022,626,22.25
19.02.2022,627,22.3
19.02.2022,628,20.700000000000003
19.02.2022,629,20.35
19.02.2022,630,19.5
19.02.2022,631,21.1
19.02.2022,632,19.5
19.02.2022,633,21.5
19.02.2022,634,22.35
19.02.2022,635,19.3
19.02.2022,636,15.7
19.02.2022,637,0.0
19.02.2022,638,17.4
19.02.2022,639,0.0
19.02.2022,640,17.85
19.02.2022,641,19.9
19.02.2022,642,22.5
19.02.2022,643,17.5
19.02.2022,644,21.75
19.02.2022,645,18.9
19.02.2022,646,18.3
19.02.2022,647,23.1
19.02.2022,648,16.75
19.02.2022,649,20.05
19.02.2022,650,22.4
19.02.2022,651,0.0
19.02.2022,652,0.0
19.02.2022,653,0.0
19.02.2022,654,15.149999999999999
19.02.2022,655,15.0
19.02.2022,656,22.25
19.02.2022,657,18.6
19.02.2022,658,18.7
19.02.2022,659,19.75
19.02.2022,660,14.6
19.02.2022,661,21.2
19.02.2022,662,20.9
19.02.2022,663,19.25
19.02.2022,664,18.9
19.02.2022,665,21.0
19.02.2022,666,20.9
19.02.2022,667,22.7
19.02.2022,668,17.8
19.02.2022,669,18.25
19.02.2022,670,15.8
19.02.2022,671,15.2
19.02.2022,672,20.0
19.02.2022,673,16.25
19.02.2022,674,20.55
19.02.2022,675,16.3
19.02.2022,676,18.5
19.02.2022,677,19.25
19.02.2022,678,15.149999999999999
19.02.2022,679,22.65
19.02.2022,680,15.9
19.02.2022,681,20.15
19.02.2022,682,19.5
19.02.2022,683,18.2
19.02.2022,684,17.3
19.02.2022,685,21.25
19.02.2022,686,21.75
19.02.2022,687,18.95
19.02.2022,688,18.799999999999997
19.02.2022,689,18.3
19.02.2022,690,17.4
19.02.2022,691,17.7
19.02.2022,692,15.4
19.02.2022,693,17.9
19.02.2022,694,20.6
19.02.2022,695,19.35
19.02.2022,696,17.4
19.02.2022,697,17.2
19.02.2022,698,17.5
19.02.2022,699,16.9
19.02.2022,700,16.7
19.02.2022,701,13.9
19.02.2022,702,16.0
19.02.2022,703,16.95
19.02.2022,704,19.15
19.02.2022,705,18.950000000000003
19.02.2022,706,20.0
19.02.2022,707,16.7
19.02.2022,708,20.9
19.02.2022,709,21.65
19.02.2022,710,19.45
19.02.2022,711,19.7
19.02.2022,712,19.5
19.02.2022,713,20.0
19.02.2022,714,18.85
19.02.2022,715,20.95
19.02.2022,716,18.0
19.02.2022,717,19.6
19.02.2022,718,21.9
19.02.2022,719,21.200000000000003
19.02.2022,720,22.05
19.02.2022,721,21.2
19.02.2022,722,22.2
19.02.2022,723,13.6
19.02.2022,724,0.0
19.02.2022,725,20.4
19.02.2022,726,21.1
19.02.2022,727,17.200000000000003
19.02.2022,728,0.0
19.02.2022,729,15.75
19.02.2022,730,21.35
19.02.2022,731,19.6
19.02.2022,732,18.65
19.02.2022,733,15.350000000000001
19.02.2022,734,0.0
19.02.2022,735,16.0
19.02.2022,736,16.7
19.02.2022,737,19.25
19.02.2022,738,19.6
19.02.2022,739,17.700000000000003
19.02.2022,740,14.25
19.02.2022,741,16.4
19.02.2022,742,0.0
19.02.2022,743,19.049999999999997
19.02.2022,744,20.35
19.02.2022,745,16.8
19.02.2022,746,17.45
19.02.2022,747,22.5
19.02.2022,748,18.2
19.02.2022,749,22.4
19.02.2022,750,19.6
19.02.2022,751,23.9
19.02.2022,752,20.8
19.02.2022,753,24.75
19.02.2022,754,26.1
19.02.2022,755,23.4
19.02.2022,756,15.649999999999999
19.02.2022,757,15.05
19.02.2022,758,22.3
19.02.2022,759,24.5
19.02.2022,760,24.4
19.02.2022,761,23.0
19.02.2022,762,17.95
19.02.2022,763,17.0
19.02.2022,764,0.0
19.02.2022,765,19.8
19.02.2022,766,19.0
19.02.2022,767,21.85
19.02.2022,768,20.5
19.02.2022,769,20.05
19.02.2022,770,19.700000000000003
19.02.2022,771,23.75
19.02.2022,772,19.95
19.02.2022,773,23.3
19.02.2022,774,19.75
19.02.2022,775,23.6
19.02.2022,776,21.8
19.02.2022,777,22.0
19.02.2022,778,21.75
19.02.2022,779,20.15
19.02.2022,780,20.0
19.02.2022,781,20.0
19.02.2022,782,18.5
19.02.2022,783,17.55
19.02.2022,784,20.3
19.02.2022,785,21.4
19.02.2022,786,21.75
19.02.2022,787,21.4
19.02.2022,788,19.5
19.02.2022,789,23.45
19.02.2022,790,14.5
19.02.2022,791,20.15
19.02.2022,792,0.0
19.02.2022,793,17.15
19.02.2022,794,16.25
19.02.2022,795,21.15
19.02.2022,796,19.8
19.02.2022,797,21.049999999999997
19.02.2022,798,19.4
19.02.2022,799,17.15
19.02.2022,800,20.0
19.02.2022,801,16.9
19.02.2022,802,13.45
19.02.2022,803,18.2
19.02.2022,804,18.6
19.02.2022,805,18.2
19.02.2022,806,21.0
19.02.2022,807,0.0
19.02.2022,808,0.0
19.02.2022,809,18.9
19.02.2022,810,16.85
19.02.2022,811,19.75
19.02.2022,812,0.0
19.02.2022,813,0.0
19.02.2022,814,14.7
19.02.2022,815,14.850000000000001
19.02.2022,816,0.0
19.02.2022,817,0.0
19.02.2022,818,18.7
19.02.2022,819,17.6
19.02.2022,820,14.75
19.02.2022,821,17.0
19.02.2022,822,19.0
19.02.2022,823,20.1
19.02.2022,824,19.15
19.02.2022,825,17.7
19.02.2022,826,18.2
19.02.2022,827,22.1
19.02.2022,828,19.65
19.02.2022,829,16.95
19.02.2022,830,18.6
19.02.2022,831,19.7
19.02.2022,832,20.6
19.02.2022,833,17.0
19.02.2022,834,16.8
19.02.2022,835,18.4
19.02.2022,836,19.1
19.02.2022,837,15.8
19.02.2022,838,20.3
19.02.2022,839,22.799999999999997
19.02.2022,840,24.3
19.02.2022,841,23.8
19.02.2022,842,23.8
19.02.2022,843,22.95
19.02.2022,844,23.6
19.02.2022,845,23.0
19.02.2022,846,21.6
19.02.2022,847,21.5
19.02.2022,848,20.6
19.02.2022,849,22.65
19.02.2022,850,21.7
19.02.2022,851,21.9
19.02.2022,852,17.05
19.02.2022,853,20.0
19.02.2022,854,18.65
19.02.2022,855,24.0
19.02.2022,856,23.65
19.02.2022,857,24.4
19.02.2022,858,22.4
19.02.2022,859,22.3
19.02.2022,860,21.7
19.02.2022,861,21.3
19.02.2022,862,21.3
19.02.2022,863,22.15
19.02.2022,864,22.6
19.02.2022,865,20.85
19.02.2022,866,20.6
19.02.2022,867,22.1
19.02.2022,868,20.8
19.02.2022,869,22.7
19.02.2022,870,20.3
19.02.2022,871,21.9
19.02.2022,872,22.4
19.02.2022,873,20.55
19.02.2022,874,19.35
19.02.2022,875,20.1
19.02.2022,876,21.1
19.02.2022,877,20.4
19.02.2022,878,20.5
19.02.2022,879,20.65
19.02.2022,880,16.25
19.02.2022,881,18.1
19.02.2022,882,19.9
19.02.2022,883,19.049999999999997
19.02.2022,884,17.65
19.02.2022,885,15.6
19.02.2022,886,16.1
19.02.2022,887,18.75
19.02.2022,888,16.55
19.02.2022,889,16.45
19.02.2022,890,16.9
19.02.2022,891,13.35
19.02.2022,892,20.1
19.02.2022,893,20.6
19.02.2022,894,15.350000000000001
19.02.2022,895,18.9
19.02.2022,896,21.1
19.02.2022,897,21.25
19.02.2022,898,18.25
19.02.2022,899,19.7
19.02.2022,900,0.0
19.02.2022,901,22.0
19.02.2022,902,21.9
19.02.2022,904,0.0
19.02.2022,905,0.0
19.02.2022,906,16.700000000000003
19.02.2022,907,18.9
19.02.2022,908,22.15
19.02.2022,909,16.2
19.02.2022,910,22.15
19.02.2022,911,19.1
19.02.2022,912,22.15
19.02.2022,913,17.2
19.02.2022,914,20.0
19.02.2022,915,21.25
19.02.2022,916,19.85
19.02.2022,917,14.850000000000001
19.02.2022,918,20.5
19.02.2022,919,0.0
19.02.2022,920,18.4
19.02.2022,921,21.75
19.02.2022,922,12.350000000000001
19.02.2022,923,15.4
19.02.2022,924,22.4
19.02.2022,925,18.85
19.02.2022,926,16.8
19.02.2022,927,19.9
19.02.2022,928,21.85
19.02.2022,929,17.95
19.02.2022,930,17.05
19.02.2022,931,19.1
19.02.2022,932,19.9
19.02.2022,933,23.9
19.02.2022,934,21.55
19.02.2022,935,20.15
19.02.2022,936,18.0
19.02.2022,937,17.3
19.02.2022,938,17.3
19.02.2022,939,15.2
19.02.2022,940,17.7
19.02.2022,941,19.3
19.02.2022,942,21.549999999999997
19.02.2022,943,21.25
19.02.2022,944,19.3
19.02.2022,945,17.75
19.02.2022,946,19.9
19.02.2022,947,14.1
19.02.2022,948,17.6
19.02.2022,949,16.9
19.02.2022,950,17.1
19.02.2022,951,19.700000000000003
19.02.2022,952,19.6
19.02.2022,953,17.950000000000003
19.02.2022,954,17.7
19.02.2022,955,21.65
19.02.2022,956,18.35
19.02.2022,957,17.799999999999997
19.02.2022,958,22.299999999999997
19.02.2022,959,18.25
19.02.2022,960,21.85
19.02.2022,961,21.3
19.02.2022,962,20.15
19.02.2022,963,15.9
19.02.2022,964,18.4
19.02.2022,965,20.15
19.02.2022,966,20.5
19.02.2022,967,19.4
19.02.2022,968,21.35
19.02.2022,969,18.7
19.02.2022,970,15.5
19.02.2022,971,19.1
19.02.2022,972,18.6
19.02.2022,973,16.6
19.02.2022,974,18.2
19.02.2022,975,21.6
19.02.2022,976,23.0
19.02.2022,977,19.75
19.02.2022,978,19.4
19.02.2022,979,22.05
19.02.2022,980,22.25
19.02.2022,981,22.75
19.02.2022,982,20.2
19.02.2022,983,19.25
19.02.2022,984,19.5
19.02.2022,985,18.45
19.02.2022,986,16.6
19.02.2022,987,16.1
19.02.2022,988,18.3
19.02.2022,989,16.4
19.02.2022,990,17.4
19.02.2022,991,17.4
19.02.2022,992,16.6
19.02.2022,993,16.8
19.02.2022,994,17.2
19.02.2022,995,16.9
19.02.2022,996,16.75
19.02.2022,997,17.0
19.02.2022,998,16.8
19.02.2022,999,17.3
19.02.2022,1000,17.7
19.02.2022,1001,16.9
19.02.2022,1002,16.4
19.02.2022,1003,16.6
19.02.2022,1004,15.8
19.02.2022,1005,16.6
19.02.2022,1006,17.9
19.02.2022,1007,17.05
19.02.2022,1008,16.35
19.02.2022,1009,16.15
19.02.2022,1010,15.5
19.02.2022,1011,16.5
19.02.2022,1012,17.25
19.02.2022,1013,16.1
19.02.2022,1014,17.35
19.02.2022,1015,16.35
19.02.2022,1016,16.950000000000003
19.02.2022,1017,16.7
19.02.2022,1018,22.0
19.02.2022,1019,17.85
19.02.2022,1020,14.6
19.02.2022,1021,18.299999999999997
19.02.2022,1022,0.0
19.02.2022,1023,17.2
19.02.2022,1024,17.4
19.02.2022,1025,20.9
19.02.2022,1026,18.15
19.02.2022,1027,18.6
19.02.2022,1028,20.6
19.02.2022,1029,20.1
19.02.2022,1030,22.4
19.02.2022,1031,16.4
19.02.2022,1032,21.75
19.02.2022,1033,18.55
19.02.2022,1034,18.5
19.02.2022,1035,21.1
19.02.2022,1036,20.8
19.02.2022,1037,19.6
19.02.2022,1038,19.0
19.02.2022,1039,20.0
19.02.2022,1040,23.65
19.02.2022,1041,19.6
19.02.2022,1042,19.0
19.02.2022,1043,21.5
19.02.2022,1044,16.85
19.02.2022,1045,22.55
19.02.2022,1046,19.0
19.02.2022,1047,18.15
19.02.2022,1048,20.0
19.02.2022,1049,18.95
19.02.2022,1050,21.0
19.02.2022,1051,16.25
19.02.2022,1052,17.0
19.02.2022,1053,16.6
19.02.2022,1054,18.4
19.02.2022,1055,18.3
19.02.2022,1056,19.5
19.02.2022,1057,9.9
19.02.2022,1058,0.0
19.02.2022,1059,0.0
19.02.2022,1060,16.6
19.02.2022,1061,15.149999999999999
19.02.2022,1062,18.5
19.02.2022,1063,15.1
19.02.2022,1064,19.1
19.02.2022,1065,18.7
19.02.2022,1066,19.45
19.02.2022,1067,20.65
19.02.2022,1068,17.6
19.02.2022,1069,17.3
19.02.2022,1070,17.25
19.02.2022,1071,20.2
19.02.2022,1072,18.05
19.02.2022,1073,19.35
19.02.2022,1074,17.35
19.02.2022,1075,17.7
19.02.2022,1076,18.4
19.02.2022,1077,18.45
19.02.2022,1078,15.8
19.02.2022,1079,16.2
19.02.2022,1080,19.1
19.02.2022,1081,7.0
19.02.2022,1082,21.5
19.02.2022,1083,16.299999999999997
19.02.2022,1084,23.5
19.02.2022,1085,20.15
19.02.2022,1086,18.85
19.02.2022,1087,17.35
19.02.2022,1088,17.55
19.02.2022,1089,24.15
19.02.2022,1090,20.4
19.02.2022,1091,22.1
19.02.2022,1092,20.0
19.02.2022,1093,19.9
19.02.2022,1094,19.75
19.02.2022,1095,21.9
19.02.2022,1096,19.5
19.02.2022,1097,22.8
19.02.2022,1098,0.0
19.02.2022,1099,17.9
19.02.2022,1100,18.8
19.02.2022,1101,0.0
19.02.2022,1104,0.0
19.02.2022,1105,0.0
19.02.2022,1106,17.2
19.02.2022,1107,19.5
19.02.2022,1108,17.6
19.02.2022,1109,0.0
19.02.2022,1110,0.0
19.02.2022,1111,12.7
19.02.2022,1112,20.95
19.02.2022,1113,17.299999999999997
19.02.2022,1114,20.950000000000003
19.02.2022,1115,16.7
19.02.2022,1116,0.0
19.02.2022,1117,12.350000000000001
19.02.2022,1118,16.35
19.02.2022,1119,17.65
19.02.2022,1120,17.8
19.02.2022,1121,15.649999999999999
19.02.2022,1122,22.25
19.02.2022,1123,15.75
19.02.2022,1124,0.0
19.02.2022,1125,19.0
19.02.2022,1126,24.05
19.02.2022,1127,20.95
19.02.2022,1128,23.8
19.02.2022,1129,21.5
19.02.2022,1130,22.0
19.02.2022,1131,19.9
19.02.2022,1132,23.75
19.02.2022,1133,23.950000000000003
19.02.2022,1134,21.5
19.02.2022,1135,23.6
19.02.2022,1136,21.05
19.02.2022,1137,22.3
19.02.2022,1138,18.75
19.02.2022,1139,19.85
19.02.2022,1140,0.0
19.02.2022,1141,0.0
19.02.2022,1142,13.600000000000001
19.02.2022,1143,19.0
19.02.2022,1144,17.45
19.02.2022,1145,16.5
19.02.2022,1146,17.8
19.02.2022,1147,18.2
19.02.2022,1148,19.95
19.02.2022,1149,18.75
19.02.2022,1150,19.0
19.02.2022,1151,17.299999999999997
19.02.2022,1152,19.200000000000003
19.02.2022,1153,19.9
19.02.2022,1154,15.0
19.02.2022,1155,18.7
19.02.2022,1156,15.95
19.02.2022,1157,17.55
19.02.2022,1158,0.0
19.02.2022,1159,18.0
19.02.2022,1160,17.9
19.02.2022,1161,16.25
19.02.2022,1162,20.2
19.02.2022,1163,16.4
19.02.2022,1164,23.05
19.02.2022,1165,17.8
19.02.2022,1166,21.7
19.02.2022,1167,22.0
19.02.2022,1168,18.35
19.02.2022,1169,20.200000000000003
19.02.2022,1170,18.8
19.02.2022,1171,21.15
19.02.2022,1172,24.35
19.02.2022,1173,23.6
19.02.2022,1174,22.0
19.02.2022,1175,14.3
19.02.2022,1176,20.5
19.02.2022,1177,16.8
19.02.2022,1178,20.45
19.02.2022,1179,21.0
19.02.2022,1180,24.1
19.02.2022,1181,20.1
19.02.2022,1182,18.15
19.02.2022,1183,21.2
19.02.2022,1184,21.7
19.02.2022,1185,18.15
19.02.2022,1186,18.1
19.02.2022,1187,21.95
19.02.2022,1188,23.65
19.02.2022,1189,20.35
19.02.2022,1190,19.4
19.02.2022,1191,18.9
19.02.2022,1192,17.2
19.02.2022,1193,21.9
19.02.2022,1194,18.05
19.02.2022,1195,21.15
19.02.2022,1196,17.4
19.02.2022,1197,17.9
19.02.2022,1198,18.2
19.02.2022,1199,18.25
19.02.2022,1200,20.45
19.02.2022,1201,19.0
19.02.2022,1202,16.0
19.02.2022,1203,13.2
19.02.2022,1204,17.75
19.02.2022,1205,16.4
19.02.2022,1206,20.15
19.02.2022,1207,21.9
19.02.2022,1208,17.95
19.02.2022,1209,17.45
19.02.2022,1210,17.05
19.02.2022,1211,13.149999999999999
19.02.2022,1212,13.1
19.02.2022,1213,22.8
19.02.2022,1214,18.55
19.02.2022,1215,15.7
19.02.2022,1216,19.55
19.02.2022,1217,22.549999999999997
19.02.2022,1218,19.55
19.02.2022,1219,18.45
19.02.2022,1220,16.75
19.02.2022,1221,18.5
19.02.2022,1222,19.4
19.02.2022,1223,16.9
19.02.2022,1224,20.4
19.02.2022,1225,19.1
19.02.2022,1226,19.05
19.02.2022,1227,17.5
19.02.2022,1228,16.85
19.02.2022,1229,20.25
19.02.2022,1230,20.9
19.02.2022,1231,20.8
19.02.2022,1232,15.850000000000001
19.02.2022,1233,17.799999999999997
19.02.2022,1234,17.7
19.02.2022,1235,19.65
19.02.2022,1236,16.7
19.02.2022,1237,15.0
19.02.2022,1238,20.2
19.02.2022,1239,18.25
19.02.2022,1240,16.2
19.02.2022,1241,19.25
19.02.2022,1242,17.95
19.02.2022,1243,21.9
19.02.2022,1244,18.15
19.02.2022,1245,18.5
19.02.2022,1246,19.0
19.02.2022,1247,20.15
19.02.2022,1248,19.75
19.02.2022,1249,16.9
19.02.2022,1250,16.2
19.02.2022,1251,21.15
19.02.2022,1252,15.0
19.02.2022,1253,15.4
19.02.2022,1254,17.5
19.02.2022,1255,18.1
19.02.2022,1256,17.700000000000003
19.02.2022,1257,13.95
19.02.2022,1258,19.799999999999997
19.02.2022,1259,0.0
19.02.2022,1260,18.25
19.02.2022,1261,18.35
19.02.2022,1262,17.6
19.02.2022,1263,18.45
19.02.2022,1264,18.7
19.02.2022,1265,17.3
19.02.2022,1266,20.1
19.02.2022,1267,17.7
19.02.2022,1268,21.2
19.02.2022,1269,18.9
19.02.2022,1270,17.2
19.02.2022,1271,20.9
19.02.2022,1272,18.2
19.02.2022,1273,17.45
19.02.2022,1274,16.0
19.02.2022,1275,17.35
19.02.2022,1276,19.9
19.02.2022,1277,17.6
19.02.2022,1278,19.799999999999997
19.02.2022,1279,13.9
19.02.2022,1280,15.3
19.02.2022,1281,0.0
19.02.2022,1284,0.0
19.02.2022,1285,16.25
19.02.2022,1286,15.9
19.02.2022,1287,19.200000000000003
19.02.2022,1288,18.6
19.02.2022,1289,18.9
19.02.2022,1290,15.3
19.02.2022,1291,22.6
19.02.2022,1292,17.5
19.02.2022,1293,0.0
19.02.2022,1294,0.0
19.02.2022,1295,17.15
19.02.2022,1296,0.0
19.02.2022,1297,18.05
19.02.2022,1298,15.7
19.02.2022,1299,15.2
19.02.2022,1300,16.15
19.02.2022,1301,16.8
19.02.2022,1302,15.2
19.02.2022,1303,0.0
19.02.2022,1304,17.1
19.02.2022,1305,15.8
19.02.2022,1306,13.25
19.02.2022,1307,16.2
19.02.2022,1308,0.0
19.02.2022,1309,16.5
19.02.2022,1310,15.9
19.02.2022,1311,18.25
19.02.2022,1312,15.2
19.02.2022,1313,19.0
19.02.2022,1314,17.3
19.02.2022,1315,14.55
19.02.2022,1316,16.5
19.02.2022,1317,16.5
19.02.2022,1318,14.4
19.02.2022,1319,14.350000000000001
19.02.2022,1320,16.9
19.02.2022,1321,15.3
19.02.2022,1322,15.95
19.02.2022,1323,14.149999999999999
19.02.2022,1324,16.0
19.02.2022,1325,15.0
19.02.2022,1326,13.850000000000001
19.02.2022,1327,18.45
19.02.2022,1328,17.5
19.02.2022,1329,16.2
19.02.2022,1330,17.35
19.02.2022,1331,18.9
19.02.2022,1332,17.55
19.02.2022,1333,17.4
19.02.2022,1334,17.0
19.02.2022,1335,16.9
19.02.2022,1336,18.7
19.02.2022,1337,18.0
19.02.2022,1338,17.2
19.02.2022,1339,18.0
19.02.2022,1340,18.4
19.02.2022,1341,16.5
19.02.2022,1342,16.65
19.02.2022,1343,18.6
19.02.2022,1344,17.3
19.02.2022,1345,16.7
19.02.2022,1346,17.9
19.02.2022,1347,17.75
19.02.2022,1348,17.05
19.02.2022,1349,17.15
19.02.2022,1350,15.8
19.02.2022,1351,15.9
19.02.2022,1352,16.2
19.02.2022,1353,15.05
19.02.2022,1354,16.0
19.02.2022,1355,15.4
19.02.2022,1356,15.5
19.02.2022,1357,14.7
19.02.2022,1358,16.35
19.02.2022,1359,16.55
19.02.2022,1360,16.05
19.02.2022,1361,15.3
19.02.2022,1362,15.4
19.02.2022,1363,14.9
19.02.2022,1364,15.0
19.02.2022,1365,14.5
19.02.2022,1366,14.6
19.02.2022,1367,14.850000000000001
19.02.2022,1368,15.6
19.02.2022,1369,14.9
19.02.2022,1370,14.4
19.02.2022,1371,15.5
19.02.2022,1372,17.55
19.02.2022,1373,16.5
19.02.2022,1374,16.35
19.02.2022,1375,15.649999999999999
19.02.2022,1376,15.75
19.02.2022,1377,15.55
19.02.2022,1378,15.4
19.02.2022,1379,15.75
19.02.2022,1380,15.25
19.02.2022,1381,16.05
19.02.2022,1382,16.8
19.02.2022,1383,14.25
19.02.2022,1384,14.9
19.02.2022,1385,15.3
19.02.2022,1386,16.6
19.02.2022,1387,16.95
19.02.2022,1388,15.2
19.02.2022,1389,14.9
19.02.2022,1390,15.55
19.02.2022,1391,17.85
19.02.2022,1392,16.3
19.02.2022,1393,16.4
19.02.2022,1394,0.0
19.02.2022,1395,14.0
19.02.2022,1396,15.3
19.02.2022,1397,14.9
19.02.2022,1398,14.75
19.02.2022,1399,15.5
19.02.2022,1400,15.6
19.02.2022,1401,16.05
19.02.2022,1402,16.3
19.02.2022,1403,15.9
19.02.2022,1404,16.1
19.02.2022,1405,15.7
19.02.2022,1406,15.75
19.02.2022,1407,16.0
19.02.2022,1408,16.2
19.02.2022,1409,15.649999999999999
19.02.2022,1410,15.9
19.02.2022,1411,15.6
19.02.2022,1412,16.0
19.02.2022,1413,16.8
19.02.2022,1414,16.6
19.02.2022,1415,16.1
19.02.2022,1416,16.3
19.02.2022,1417,16.35
19.02.2022,1418,16.950000000000003
19.02.2022,1419,16.7
19.02.2022,1420,16.4
19.02.2022,1421,16.4
19.02.2022,1422,16.4
19.02.2022,1423,16.3
19.02.2022,1424,15.9
19.02.2022,1425,16.55
19.02.2022,1426,16.35
19.02.2022,1427,16.2
19.02.2022,1428,16.7
19.02.2022,1429,16.4
19.02.2022,1430,15.2
19.02.2022,1431,15.2
19.02.2022,1432,15.1
19.02.2022,1433,15.5
19.02.2022,1434,15.7
19.02.2022,1435,15.6
19.02.2022,1436,16.1
19.02.2022,1437,16.5
19.02.2022,1438,16.3
19.02.2022,1439,16.3
20.02.2022,0,15.7
20.02.2022,1,16.1
20.02.2022,2,16.9
20.02.2022,3,16.5
20.02.2022,4,16.9
20.02.2022,5,16.95
20.02.2022,6,16.6
20.02.2022,7,17.4
20.02.2022,8,15.9
20.02.2022,9,18.05
20.02.2022,10,17.4
20.02.2022,11,16.85
20.02.2022,12,18.95
20.02.2022,13,15.9
20.02.2022,14,17.0
20.02.2022,15,15.3
20.02.2022,22,0.0
20.02.2022,23,0.0
20.02.2022,41,0.0
20.02.2022,42,17.6
20.02.2022,50,0.0
20.02.2022,51,17.85
20.02.2022,69,0.0
20.02.2022,70,15.8
20.02.2022,72,0.0
20.02.2022,73,15.9
20.02.2022,74,16.2
20.02.2022,75,15.4
20.02.2022,76,15.9
20.02.2022,77,16.4
20.02.2022,78,16.1
20.02.2022,79,16.3
20.02.2022,80,16.15
20.02.2022,81,16.1
20.02.2022,82,16.1
20.02.2022,83,16.6
20.02.2022,84,16.5
20.02.2022,85,16.7
20.02.2022,86,16.8
20.02.2022,87,16.9
20.02.2022,88,16.5
20.02.2022,89,11.6
20.02.2022,91,0.0
20.02.2022,92,0.0
20.02.2022,93,0.0
20.02.2022,94,16.05
20.02.2022,95,16.6
20.02.2022,96,16.3
20.02.2022,102,0.0
20.02.2022,103,0.0
20.02.2022,104,0.0
20.02.2022,105,15.4
20.02.2022,106,16.4
20.02.2022,107,16.1
20.02.2022,108,16.1
20.02.2022,109,15.4
20.02.2022,110,16.3
20.02.2022,111,16.4
20.02.2022,112,16.4
20.02.2022,113,16.6
20.02.2022,114,16.7
20.02.2022,115,16.9
20.02.2022,116,16.5
20.02.2022,117,16.5
20.02.2022,118,16.8
20.02.2022,119,16.8
20.02.2022,120,17.6
20.02.2022,121,16.8
20.02.2022,122,20.700000000000003
20.02.2022,123,17.25
20.02.2022,124,15.5
20.02.2022,125,15.3
20.02.2022,126,16.1
20.02.2022,127,16.6
20.02.2022,128,16.8
20.02.2022,129,16.6
20.02.2022,130,16.5
20.02.2022,131,17.1
20.02.2022,132,15.25
20.02.2022,133,16.2
20.02.2022,134,16.15
20.02.2022,135,16.6
20.02.2022,136,16.4
20.02.2022,137,16.1
20.02.2022,138,16.25
20.02.2022,139,16.3
20.02.2022,140,17.4
20.02.2022,141,17.2
20.02.2022,142,16.7
20.02.2022,165,0.0
20.02.2022,166,13.3
20.02.2022,168,0.0
20.02.2022,169,0.0
20.02.2022,170,16.3
20.02.2022,171,18.2
20.02.2022,172,16.1
20.02.2022,173,18.4
20.02.2022,174,17.6
20.02.2022,175,0.0
20.02.2022,177,0.0
20.02.2022,178,16.5
20.02.2022,179,17.8
20.02.2022,180,16.8
20.02.2022,181,16.9
20.02.2022,182,15.649999999999999
20.02.2022,183,0.0
20.02.2022,184,15.7
20.02.2022,185,16.7
20.02.2022,186,17.2
20.02.2022,187,16.65
20.02.2022,188,16.5
20.02.2022,189,16.7
20.02.2022,190,16.7
20.02.2022,191,16.8
20.02.2022,192,17.45
20.02.2022,193,17.25
20.02.2022,194,16.5
20.02.2022,195,17.0
20.02.2022,196,17.3
20.02.2022,197,16.95
20.02.2022,198,15.9
20.02.2022,199,16.5
20.02.2022,200,15.6
20.02.2022,201,15.55
20.02.2022,202,16.55
20.02.2022,203,15.95
20.02.2022,204,16.7
20.02.2022,205,17.35
20.02.2022,206,16.3
20.02.2022,207,16.8
20.02.2022,208,17.0
20.02.2022,209,17.2
20.02.2022,210,17.1
20.02.2022,211,16.9
20.02.2022,212,17.2
20.02.2022,213,16.8
20.02.2022,214,17.55
20.02.2022,215,17.7
20.02.2022,216,18.55
20.02.2022,217,17.6
20.02.2022,218,17.6
20.02.2022,219,17.85
20.02.2022,220,18.5
20.02.2022,221,17.5
20.02.2022,222,17.2
20.02.2022,223,18.1
20.02.2022,224,18.0
20.02.2022,225,17.7
20.02.2022,226,17.4
20.02.2022,227,18.0
20.02.2022,228,16.55
20.02.2022,229,17.1
20.02.2022,230,17.2
20.02.2022,231,17.55
20.02.2022,232,16.2
20.02.2022,233,16.25
20.02.2022,234,14.3
20.02.2022,235,16.1
20.02.2022,236,15.649999999999999
20.02.2022,237,17.0
20.02.2022,238,15.3
20.02.2022,239,17.25
20.02.2022,240,16.950000000000003
20.02.2022,241,14.5
20.02.2022,242,14.5
20.02.2022,243,14.55
20.02.2022,244,16.5
20.02.2022,245,18.3
20.02.2022,246,18.9
20.02.2022,247,18.8
20.02.2022,248,18.1
20.02.2022,249,16.75
20.02.2022,250,15.3
20.02.2022,251,16.2
20.02.2022,252,15.600000000000001
20.02.2022,253,17.1
20.02.2022,254,18.65
20.02.2022,255,15.4
20.02.2022,256,20.5
20.02.2022,257,17.0
20.02.2022,258,20.5
20.02.2022,259,18.15
20.02.2022,260,16.35
20.02.2022,261,16.8
20.02.2022,262,17.0
20.02.2022,263,14.9
20.02.2022,264,15.850000000000001
20.02.2022,265,16.1
20.02.2022,266,17.85
20.02.2022,267,16.4
20.02.2022,268,19.1
20.02.2022,269,18.2
20.02.2022,275,0.0
20.02.2022,301,0.0
20.02.2022,302,0.0
20.02.2022,312,0.0
20.02.2022,325,0.0
20.02.2022,326,15.2
20.02.2022,327,16.2
20.02.2022,328,15.4
20.02.2022,329,16.75
20.02.2022,330,16.8
20.02.2022,331,15.95
20.02.2022,332,15.9
20.02.2022,333,15.95
20.02.2022,334,16.55
20.02.2022,335,17.1
20.02.2022,336,17.6
20.02.2022,337,16.6
20.02.2022,338,20.8
20.02.2022,339,17.95
20.02.2022,342,0.0
20.02.2022,343,14.9
20.02.2022,349,0.0
20.02.2022,350,0.0
20.02.2022,364,0.0
20.02.2022,365,0.0
20.02.2022,366,15.45
20.02.2022,367,15.9
20.02.2022,368,15.9
20.02.2022,369,19.8
20.02.2022,370,15.5
20.02.2022,371,16.1
20.02.2022,372,15.4
20.02.2022,373,15.8
20.02.2022,374,16.5
20.02.2022,375,15.6
20.02.2022,376,16.2
20.02.2022,377,15.4
20.02.2022,378,15.850000000000001
20.02.2022,379,15.2
20.02.2022,380,15.2
20.02.2022,381,18.15
20.02.2022,382,15.0
20.02.2022,383,15.3
20.02.2022,384,16.35
20.02.2022,385,17.1
20.02.2022,386,15.2
20.02.2022,387,15.350000000000001
20.02.2022,388,16.1
20.02.2022,389,15.75
20.02.2022,390,16.7
20.02.2022,391,16.0
20.02.2022,392,16.0
20.02.2022,393,16.7
20.02.2022,394,16.6
20.02.2022,395,16.5
20.02.2022,396,16.5
20.02.2022,397,16.7
20.02.2022,398,16.5
20.02.2022,399,15.9
20.02.2022,400,16.7
20.02.2022,401,16.3
20.02.2022,402,17.3
20.02.2022,403,16.9
20.02.2022,404,17.4
20.02.2022,405,17.3
20.02.2022,406,16.9
20.02.2022,407,16.8
20.02.2022,408,16.9
20.02.2022,409,17.2
20.02.2022,410,17.5
20.02.2022,411,17.5
20.02.2022,412,16.95
20.02.2022,413,17.7
20.02.2022,414,18.1
20.02.2022,415,18.0
20.02.2022,416,18.5
20.02.2022,417,18.15
20.02.2022,418,17.4
20.02.2022,419,17.2
20.02.2022,420,17.75
20.02.2022,421,17.85
20.02.2022,422,17.5
20.02.2022,423,17.4
20.02.2022,424,16.35
20.02.2022,425,15.7
20.02.2022,426,16.0
20.02.2022,427,16.0
20.02.2022,428,16.0
20.02.2022,429,16.2
20.02.2022,430,16.2
20.02.2022,431,15.75
20.02.2022,432,16.8
20.02.2022,433,18.5
20.02.2022,434,17.3
20.02.2022,435,16.9
20.02.2022,436,15.95
20.02.2022,437,19.25
20.02.2022,438,19.75
20.02.2022,439,16.9
20.02.2022,440,15.8
20.02.2022,441,18.5
20.02.2022,442,17.1
20.02.2022,443,17.75
20.02.2022,444,22.15
20.02.2022,445,19.0
20.02.2022,446,19.35
20.02.2022,447,22.6
20.02.2022,448,18.6
20.02.2022,449,15.2
20.02.2022,451,0.0
20.02.2022,452,18.4
20.02.2022,453,17.35
20.02.2022,454,16.6
20.02.2022,456,0.0
20.02.2022,457,0.0
20.02.2022,458,19.35
20.02.2022,459,23.549999999999997
20.02.2022,460,6.5
20.02.2022,461,20.450000000000003
20.02.2022,462,23.3
20.02.2022,463,21.8
20.02.2022,464,21.6
20.02.2022,465,22.35
20.02.2022,466,23.2
20.02.2022,467,21.35
20.02.2022,468,21.15
20.02.2022,469,17.95
20.02.2022,470,17.4
20.02.2022,471,24.1
20.02.2022,472,23.2
20.02.2022,473,20.5
20.02.2022,474,18.3
20.02.2022,475,20.85
20.02.2022,476,17.1
20.02.2022,477,16.4
20.02.2022,478,18.7
20.02.2022,479,18.0
20.02.2022,480,19.85
20.02.2022,481,21.6
20.02.2022,482,18.1
20.02.2022,483,23.75
20.02.2022,484,19.3
20.02.2022,485,17.4
20.02.2022,486,18.7
20.02.2022,487,19.3
20.02.2022,488,19.15
20.02.2022,489,18.4
20.02.2022,490,19.1
20.02.2022,491,15.55
20.02.2022,492,22.25
20.02.2022,493,20.0
20.02.2022,494,19.7
20.02.2022,495,19.5
20.02.2022,496,18.6
20.02.2022,497,17.7
20.02.2022,498,21.75
20.02.2022,499,16.6
20.02.2022,500,13.8
20.02.2022,501,0.0
20.02.2022,502,17.0
20.02.2022,503,11.6
20.02.2022,504,17.4
20.02.2022,505,16.9
20.02.2022,506,15.1
20.02.2022,507,0.0
20.02.2022,508,16.5
20.02.2022,509,14.75
20.02.2022,510,20.9
20.02.2022,511,20.85
20.02.2022,512,16.1
20.02.2022,513,17.5
20.02.2022,514,19.0
20.02.2022,515,23.6
20.02.2022,516,14.45
20.02.2022,517,20.15
20.02.2022,518,20.25
20.02.2022,519,22.7
20.02.2022,520,15.7
20.02.2022,521,20.0
20.02.2022,522,19.85
20.02.2022,523,13.6
20.02.2022,524,21.1
20.02.2022,525,17.15
20.02.2022,526,19.2
20.02.2022,527,21.15
20.02.2022,528,21.15
20.02.2022,529,17.4
20.02.2022,530,20.45
20.02.2022,531,18.0
20.02.2022,532,15.8
20.02.2022,533,19.0
20.02.2022,534,18.35
20.02.2022,535,20.35
20.02.2022,536,19.0
20.02.2022,537,17.2
20.02.2022,543,0.0
20.02.2022,544,22.85
20.02.2022,545,21.55
20.02.2022,546,22.3
20.02.2022,547,16.6
20.02.2022,548,20.65
20.02.2022,549,18.65
20.02.2022,550,19.8
20.02.2022,551,16.6
20.02.2022,552,23.299999999999997
20.02.2022,553,15.7
20.02.2022,554,15.1
20.02.2022,555,16.9
20.02.2022,556,18.1
20.02.2022,557,17.0
20.02.2022,558,0.0
20.02.2022,559,16.3
20.02.2022,560,0.0
20.02.2022,561,0.0
20.02.2022,562,0.0
20.02.2022,563,0.0
20.02.2022,564,15.8
20.02.2022,565,14.9
20.02.2022,566,20.2
20.02.2022,567,23.5
20.02.2022,568,16.8
20.02.2022,569,18.9
20.02.2022,570,22.9
20.02.2022,571,14.5
20.02.2022,572,19.0
20.02.2022,573,20.5
20.02.2022,574,17.2
20.02.2022,575,19.9
20.02.2022,576,18.95
20.02.2022,577,18.5
20.02.2022,578,22.0
20.02.2022,579,0.0
20.02.2022,580,18.7
20.02.2022,581,17.5
20.02.2022,582,0.0
20.02.2022,583,20.55
20.02.2022,584,20.45
20.02.2022,585,20.9
20.02.2022,586,17.75
20.02.2022,587,18.4
20.02.2022,588,19.9
20.02.2022,589,16.15
20.02.2022,590,21.05
20.02.2022,591,20.45
20.02.2022,592,22.65
20.02.2022,593,24.4
20.02.2022,594,0.0
20.02.2022,595,17.4
20.02.2022,596,16.9
20.02.2022,597,15.5
20.02.2022,598,20.9
20.02.2022,599,20.55
20.02.2022,600,23.1
20.02.2022,601,15.6
20.02.2022,602,22.55
20.02.2022,603,20.9
20.02.2022,604,20.549999999999997
20.02.2022,605,13.6
20.02.2022,606,16.4
20.02.2022,607,24.05
20.02.2022,608,22.6
20.02.2022,609,19.9
20.02.2022,610,15.15
20.02.2022,611,21.549999999999997
20.02.2022,612,20.0
20.02.2022,613,19.8
20.02.2022,614,22.200000000000003
20.02.2022,615,20.1
20.02.2022,616,20.6
20.02.2022,617,22.0
20.02.2022,618,16.7
20.02.2022,619,17.4
20.02.2022,620,22.9
20.02.2022,621,20.8
20.02.2022,622,22.65
20.02.2022,623,21.700000000000003
20.02.2022,624,25.1
20.02.2022,625,19.2
20.02.2022,626,21.35
20.02.2022,627,20.0
20.02.2022,628,22.0
20.02.2022,629,23.8
20.02.2022,630,18.75
20.02.2022,631,16.9
20.02.2022,632,23.6
20.02.2022,633,22.15
20.02.2022,634,20.1
20.02.2022,635,22.700000000000003
20.02.2022,636,17.95
20.02.2022,637,18.7
20.02.2022,638,26.8
20.02.2022,639,23.35
20.02.2022,640,15.0
20.02.2022,641,13.7
20.02.2022,642,22.4
20.02.2022,643,22.9
20.02.2022,644,0.0
20.02.2022,645,19.1
20.02.2022,646,24.2
20.02.2022,647,19.45
20.02.2022,648,20.45
20.02.2022,649,20.15
20.02.2022,650,16.35
20.02.2022,651,17.55
20.02.2022,652,24.05
20.02.2022,653,24.3
20.02.2022,654,22.5
20.02.2022,655,20.3
20.02.2022,656,20.55
20.02.2022,657,21.25
20.02.2022,658,23.6
20.02.2022,659,13.6
20.02.2022,660,18.5
20.02.2022,661,16.55
20.02.2022,662,23.8
20.02.2022,663,18.6
20.02.2022,664,21.1
20.02.2022,665,22.700000000000003
20.02.2022,666,17.6
20.02.2022,667,19.05
20.02.2022,668,22.1
20.02.2022,669,17.1
20.02.2022,670,21.049999999999997
20.02.2022,671,21.6
20.02.2022,672,19.95
20.02.2022,673,19.55
20.02.2022,674,22.9
20.02.2022,675,21.450000000000003
20.02.2022,676,15.7
20.02.2022,677,22.55
20.02.2022,678,17.0
20.02.2022,679,19.25
20.02.2022,680,23.1
20.02.2022,681,20.8
20.02.2022,682,23.2
20.02.2022,683,22.5
20.02.2022,684,27.4
20.02.2022,685,23.700000000000003
20.02.2022,686,24.8
20.02.2022,687,22.1
20.02.2022,688,24.85
20.02.2022,689,16.85
20.02.2022,690,24.35
20.02.2022,691,24.4
20.02.2022,692,25.9
20.02.2022,693,16.8
20.02.2022,694,20.950000000000003
20.02.2022,695,20.25
20.02.2022,696,22.0
20.02.2022,697,15.0
20.02.2022,698,18.75
20.02.2022,699,21.95
20.02.2022,700,17.450000000000003
20.02.2022,701,23.799999999999997
20.02.2022,702,20.8
20.02.2022,703,19.0
20.02.2022,704,19.3
20.02.2022,705,19.3
20.02.2022,706,18.65
20.02.2022,707,16.95
20.02.2022,708,16.2
20.02.2022,709,24.1
20.02.2022,710,22.4
20.02.2022,711,19.65
20.02.2022,712,23.05
20.02.2022,713,15.4
20.02.2022,714,22.5
20.02.2022,715,24.85
20.02.2022,717,0.0
20.02.2022,718,24.15
20.02.2022,719,24.45
20.02.2022,720,22.7
20.02.2022,721,17.65
20.02.2022,722,19.95
20.02.2022,723,17.3
20.02.2022,724,22.7
20.02.2022,725,16.2
20.02.2022,726,18.45
20.02.2022,727,22.85
20.02.2022,728,23.450000000000003
20.02.2022,729,18.65
20.02.2022,730,17.5
20.02.2022,731,0.0
20.02.2022,732,13.8
20.02.2022,735,0.0
20.02.2022,736,4.4
20.02.2022,737,0.0
20.02.2022,738,18.9
20.02.2022,739,16.6
20.02.2022,753,0.0
20.02.2022,754,25.1
20.02.2022,755,22.1
20.02.2022,756,25.8
20.02.2022,757,13.05
20.02.2022,758,22.3
20.02.2022,759,21.7
20.02.2022,760,20.6
20.02.2022,761,17.9
20.02.2022,762,19.5
20.02.2022,763,19.65
20.02.2022,764,20.4
20.02.2022,765,22.75
20.02.2022,766,0.0
20.02.2022,767,16.35
20.02.2022,768,0.0
20.02.2022,769,0.0
20.02.2022,777,0.0
20.02.2022,790,0.0
20.02.2022,791,15.0
20.02.2022,792,11.1
20.02.2022,793,10.0
20.02.2022,794,17.8
20.02.2022,795,0.0
20.02.2022,796,10.45
20.02.2022,797,14.649999999999999
20.02.2022,798,19.45
20.02.2022,799,14.2
20.02.2022,800,13.8
20.02.2022,801,13.8
20.02.2022,802,13.8
20.02.2022,803,13.8
20.02.2022,804,14.8
20.02.2022,805,14.9
20.02.2022,806,8.7
20.02.2022,807,10.5
20.02.2022,808,25.5
20.02.2022,809,20.65
20.02.2022,810,22.5
20.02.2022,811,18.8
20.02.2022,812,23.0
20.02.2022,813,25.8
20.02.2022,814,25.35
20.02.2022,815,27.1
20.02.2022,816,27.9
20.02.2022,817,27.2
20.02.2022,818,26.549999999999997
20.02.2022,819,28.6
20.02.2022,820,30.3
20.02.2022,821,27.7
20.02.2022,822,26.3
20.02.2022,823,30.9
20.02.2022,824,31.2
20.02.2022,825,27.05
20.02.2022,826,29.55
20.02.2022,827,30.4
20.02.2022,828,30.05
20.02.2022,829,29.45
20.02.2022,830,29.15
20.02.2022,831,30.9
20.02.2022,832,30.95
20.02.2022,833,32.3
20.02.2022,834,31.0
20.02.2022,835,29.65
20.02.2022,836,32.150000000000006
20.02.2022,837,31.15
20.02.2022,838,30.4
20.02.2022,839,30.3
20.02.2022,840,30.6
20.02.2022,841,23.75
20.02.2022,842,26.65
20.02.2022,843,25.3
20.02.2022,844,25.5
20.02.2022,845,27.5
20.02.2022,846,29.7
20.02.2022,847,29.9
20.02.2022,848,31.35
20.02.2022,849,28.3
20.02.2022,850,30.8
20.02.2022,851,29.0
20.02.2022,852,30.25
20.02.2022,853,22.9
20.02.2022,854,29.4
20.02.2022,855,25.299999999999997
20.02.2022,856,26.7
20.02.2022,857,24.6
20.02.2022,858,22.8
20.02.2022,859,24.95
20.02.2022,860,24.5
20.02.2022,861,25.05
20.02.2022,862,22.6
20.02.2022,863,21.45
20.02.2022,864,22.7
20.02.2022,865,23.9
20.02.2022,866,23.25
20.02.2022,867,25.9
20.02.2022,868,26.05
20.02.2022,869,23.4
20.02.2022,870,24.1
20.02.2022,871,16.9
20.02.2022,872,12.25
20.02.2022,873,22.45
20.02.2022,874,17.35
20.02.2022,875,20.3
20.02.2022,876,23.1
20.02.2022,877,22.0
20.02.2022,878,23.3
20.02.2022,879,21.7
20.02.2022,880,22.25
20.02.2022,881,23.5
20.02.2022,882,22.1
20.02.2022,883,24.05
20.02.2022,884,26.2
20.02.2022,885,28.95
20.02.2022,886,25.95
20.02.2022,887,24.3
20.02.2022,888,24.75
20.02.2022,889,27.7
20.02.2022,890,27.7
20.02.2022,891,29.4
20.02.2022,892,24.7
20.02.2022,893,27.25
20.02.2022,894,28.7
20.02.2022,895,24.5
20.02.2022,896,27.3
20.02.2022,897,28.7
20.02.2022,898,26.9
20.02.2022,899,27.15
20.02.2022,900,27.6
20.02.2022,901,32.2
20.02.2022,902,29.3
20.02.2022,903,26.25
20.02.2022,904,24.25
20.02.2022,905,28.0
20.02.2022,906,25.4
20.02.2022,907,21.9
20.02.2022,908,27.45
20.02.2022,909,27.9
20.02.2022,910,25.2
20.02.2022,911,26.4
20.02.2022,912,22.200000000000003
20.02.2022,913,26.9
20.02.2022,914,23.5
20.02.2022,915,25.8
20.02.2022,916,26.3
20.02.2022,917,24.2
20.02.2022,918,25.15
20.02.2022,919,21.7
20.02.2022,962,0.0
20.02.2022,963,0.0
20.02.2022,964,0.0
20.02.2022,965,0.0
20.02.2022,1109,0.0
20.02.2022,1110,11.6
20.02.2022,1111,16.85
20.02.2022,1112,18.6
20.02.2022,1113,14.9
20.02.2022,1114,16.4
20.02.2022,1115,18.4
20.02.2022,1116,17.35
20.02.2022,1117,21.95
20.02.2022,1118,25.15
20.02.2022,1119,25.35
20.02.2022,1120,26.2
20.02.2022,1121,25.1
20.02.2022,1122,23.8
20.02.2022,1123,24.35
20.02.2022,1124,21.6
20.02.2022,1125,16.1
20.02.2022,1126,16.35
20.02.2022,1127,18.75
20.02.2022,1128,16.2
20.02.2022,1129,23.0
20.02.2022,1130,17.45
20.02.2022,1131,22.05
20.02.2022,1132,18.15
20.02.2022,1133,25.3
20.02.2022,1134,19.8
20.02.2022,1135,19.6
20.02.2022,1136,21.0
20.02.2022,1137,22.4
20.02.2022,1138,24.200000000000003
20.02.2022,1139,19.35
20.02.2022,1140,24.9
20.02.2022,1141,22.5
20.02.2022,1142,26.7
20.02.2022,1143,22.2
20.02.2022,1144,27.45
20.02.2022,1145,26.65
20.02.2022,1146,24.0
20.02.2022,1147,23.8
20.02.2022,1148,22.7
20.02.2022,1149,17.65
20.02.2022,1150,26.5
20.02.2022,1151,24.6
20.02.2022,1152,19.15
20.02.2022,1153,20.7
20.02.2022,1154,17.6
20.02.2022,1155,0.0
20.02.2022,1156,23.75
20.02.2022,1157,24.9
20.02.2022,1158,23.15
20.02.2022,1159,21.65
20.02.2022,1160,24.4
20.02.2022,1161,25.85
20.02.2022,1162,23.1
20.02.2022,1163,22.65
20.02.2022,1164,25.4
20.02.2022,1165,24.5
20.02.2022,1166,19.049999999999997
20.02.2022,1167,15.55
20.02.2022,1168,24.3
20.02.2022,1169,24.0
20.02.2022,1170,25.55
20.02.2022,1171,21.9
20.02.2022,1172,17.35
20.02.2022,1173,16.8
20.02.2022,1174,20.5
20.02.2022,1175,18.75
20.02.2022,1176,19.9
20.02.2022,1177,17.3
20.02.2022,1178,17.65
20.02.2022,1179,17.9
20.02.2022,1180,16.799999999999997
20.02.2022,1181,18.25
20.02.2022,1182,19.3
20.02.2022,1183,16.0
20.02.2022,1184,0.0
20.02.2022,1185,18.65
20.02.2022,1186,22.35
20.02.2022,1187,27.5
20.02.2022,1188,26.0
20.02.2022,1189,25.2
20.02.2022,1190,25.4
20.02.2022,1191,23.75
20.02.2022,1192,15.45
20.02.2022,1193,16.1
20.02.2022,1194,15.1
20.02.2022,1195,14.4
20.02.2022,1196,18.4
20.02.2022,1197,17.0
20.02.2022,1198,16.5
20.02.2022,1199,13.25
20.02.2022,1200,14.8
20.02.2022,1201,16.6
20.02.2022,1202,18.700000000000003
20.02.2022,1203,20.95
20.02.2022,1204,22.1
20.02.2022,1205,21.85
20.02.2022,1206,20.25
20.02.2022,1207,18.6
20.02.2022,1208,17.6
20.02.2022,1209,18.1
20.02.2022,1210,17.25
20.02.2022,1211,17.1
20.02.2022,1212,17.3
20.02.2022,1213,17.4
20.02.2022,1214,17.7
20.02.2022,1215,18.1
20.02.2022,1216,18.05
20.02.2022,1217,18.0
20.02.2022,1218,17.4
20.02.2022,1219,17.4
20.02.2022,1220,17.4
20.02.2022,1221,17.8
20.02.2022,1222,17.2
20.02.2022,1223,17.5
20.02.2022,1224,17.2
20.02.2022,1225,17.5
20.02.2022,1226,18.0
20.02.2022,1227,17.4
20.02.2022,1228,17.45
20.02.2022,1229,17.4
20.02.2022,1230,17.55
20.02.2022,1231,18.75
20.02.2022,1232,19.0
20.02.2022,1233,18.2
20.02.2022,1234,17.1
20.02.2022,1235,17.2
20.02.2022,1236,17.9
20.02.2022,1237,17.65
20.02.2022,1238,17.2
20.02.2022,1239,16.35
20.02.2022,1240,18.5
20.02.2022,1241,18.0
20.02.2022,1242,18.0
20.02.2022,1243,17.9
20.02.2022,1244,18.1
20.02.2022,1245,17.95
20.02.2022,1246,18.2
20.02.2022,1247,17.8
20.02.2022,1248,18.1
20.02.2022,1249,18.1
20.02.2022,1250,18.6
20.02.2022,1251,18.2
20.02.2022,1252,18.3
20.02.2022,1253,18.5
20.02.2022,1254,18.35
20.02.2022,1255,18.5
20.02.2022,1256,18.4
20.02.2022,1257,18.1
20.02.2022,1258,18.45
20.02.2022,1259,18.2
20.02.2022,1260,17.7
20.02.2022,1261,17.7
20.02.2022,1262,17.7
20.02.2022,1263,18.2
20.02.2022,1264,18.0
20.02.2022,1265,18.4
20.02.2022,1266,18.1
20.02.2022,1267,17.7
20.02.2022,1268,17.6
20.02.2022,1269,18.3
20.02.2022,1270,17.9
20.02.2022,1271,17.7
20.02.2022,1272,18.9
20.02.2022,1273,18.5
20.02.2022,1274,18.75
20.02.2022,1275,18.75
20.02.2022,1276,19.0
20.02.2022,1277,18.75
20.02.2022,1278,18.6
20.02.2022,1279,18.6
20.02.2022,1280,19.4
20.02.2022,1281,19.4
20.02.2022,1282,19.0
20.02.2022,1283,17.9
20.02.2022,1284,18.4
20.02.2022,1285,18.6
20.02.2022,1286,18.3
20.02.2022,1287,18.7
20.02.2022,1288,18.4
20.02.2022,1289,19.65
20.02.2022,1290,18.5
20.02.2022,1291,18.4
20.02.2022,1292,17.7
20.02.2022,1293,18.0
20.02.2022,1294,18.1
20.02.2022,1295,17.75
20.02.2022,1296,18.75
20.02.2022,1297,19.55
20.02.2022,1298,19.9
20.02.2022,1299,19.3
20.02.2022,1300,20.200000000000003
20.02.2022,1301,19.8
20.02.2022,1302,18.8
20.02.2022,1303,19.3
20.02.2022,1304,17.5
20.02.2022,1305,20.0
20.02.2022,1306,19.55
20.02.2022,1307,18.55
20.02.2022,1308,20.25
20.02.2022,1309,19.1
20.02.2022,1310,19.4
20.02.2022,1311,18.8
20.02.2022,1312,19.65
20.02.2022,1313,18.55
20.02.2022,1314,18.35
20.02.2022,1315,18.7
20.02.2022,1316,19.05
20.02.2022,1317,18.8
20.02.2022,1318,19.0
20.02.2022,1319,19.4
20.02.2022,1320,19.6
20.02.2022,1321,19.0
20.02.2022,1322,19.2
20.02.2022,1323,18.85
20.02.2022,1324,19.2
20.02.2022,1325,18.9
20.02.2022,1326,19.9
20.02.2022,1327,20.0
20.02.2022,1328,19.9
20.02.2022,1329,19.9
20.02.2022,1330,19.5
20.02.2022,1331,19.7
20.02.2022,1332,19.9
20.02.2022,1333,19.5
20.02.2022,1334,18.9
20.02.2022,1335,19.5
20.02.2022,1336,19.3
20.02.2022,1337,19.5
20.02.2022,1338,19.6
20.02.2022,1339,20.15
20.02.2022,1340,19.4
20.02.2022,1341,19.9
20.02.2022,1342,19.0
20.02.2022,1343,19.5
20.02.2022,1344,20.1
20.02.2022,1345,19.55
20.02.2022,1346,19.4
20.02.2022,1347,19.75
20.02.2022,1348,20.1
20.02.2022,1349,19.65
20.02.2022,1350,19.6
20.02.2022,1351,20.1
20.02.2022,1352,19.6
20.02.2022,1353,19.35
20.02.2022,1354,19.3
20.02.2022,1355,19.5
20.02.2022,1356,18.75
20.02.2022,1357,19.85
20.02.2022,1358,19.6
20.02.2022,1359,19.8
20.02.2022,1360,19.8
20.02.2022,1361,19.4
20.02.2022,1362,19.1
20.02.2022,1363,19.2
20.02.2022,1364,21.6
20.02.2022,1365,20.0
20.02.2022,1366,20.6
20.02.2022,1367,19.2
20.02.2022,1368,19.0
20.02.2022,1369,18.8
20.02.2022,1370,19.1
20.02.2022,1371,19.4
20.02.2022,1372,19.2
20.02.2022,1373,19.4
20.02.2022,1374,18.8
20.02.2022,1375,20.1
20.02.2022,1376,20.1
20.02.2022,1377,19.15
20.02.2022,1378,18.9
20.02.2022,1379,19.15
20.02.2022,1380,21.15
20.02.2022,1381,19.4
20.02.2022,1382,19.0
20.02.2022,1383,18.65
20.02.2022,1384,18.45
20.02.2022,1385,19.0
20.02.2022,1386,20.25
20.02.2022,1387,20.0
20.02.2022,1388,21.7
20.02.2022,1389,20.45
20.02.2022,1390,19.95
20.02.2022,1391,18.6
20.02.2022,1392,19.35
20.02.2022,1393,18.35
20.02.2022,1394,20.8
20.02.2022,1395,21.25
20.02.2022,1396,20.5
20.02.2022,1397,20.3
20.02.2022,1398,19.6
20.02.2022,1399,21.2
20.02.2022,1400,20.15
20.02.2022,1401,20.6
20.02.2022,1402,18.5
20.02.2022,1403,19.75
20.02.2022,1404,18.6
20.02.2022,1405,20.25
20.02.2022,1406,20.2
20.02.2022,1407,19.65
20.02.2022,1408,17.9
20.02.2022,1409,18.5
20.02.2022,1410,18.95
20.02.2022,1411,19.3
20.02.2022,1412,20.1
20.02.2022,1413,19.95
20.02.2022,1414,17.1
20.02.2022,1415,20.1
20.02.2022,1416,19.15
20.02.2022,1417,17.9
20.02.2022,1418,19.8
20.02.2022,1419,18.3
20.02.2022,1420,17.6
20.02.2022,1421,18.0
20.02.2022,1422,18.6
20.02.2022,1423,19.1
20.02.2022,1424,18.4
20.02.2022,1425,19.0
20.02.2022,1426,18.6
20.02.2022,1427,18.75
20.02.2022,1428,18.1
20.02.2022,1429,18.1
20.02.2022,1430,17.7
20.02.2022,1431,18.3
20.02.2022,1432,18.1
20.02.2022,1433,18.1
20.02.2022,1434,18.5
20.02.2022,1435,18.7
20.02.2022,1436,18.65
20.02.2022,1437,18.3
20.02.2022,1438,18.55
20.02.2022,1439,19.0
21.02.2022,0,19.3
21.02.2022,1,18.2
21.02.2022,2,17.9
21.02.2022,3,18.2
21.02.2022,4,18.9
21.02.2022,5,19.5
21.02.2022,6,20.0
21.02.2022,7,18.2
21.02.2022,8,18.7
21.02.2022,9,18.15
21.02.2022,10,18.5
21.02.2022,11,18.4
21.02.2022,12,19.1
21.02.2022,13,19.5
21.02.2022,14,16.9
21.02.2022,15,17.35
21.02.2022,16,17.35
21.02.2022,17,18.2
21.02.2022,18,17.9
21.02.2022,19,17.2
21.02.2022,20,18.0
21.02.2022,21,17.7
21.02.2022,22,18.45
21.02.2022,23,18.1
21.02.2022,24,17.65
21.02.2022,25,18.3
21.02.2022,26,17.35
21.02.2022,27,18.6
21.02.2022,28,18.7
21.02.2022,29,17.7
21.02.2022,30,18.0
21.02.2022,31,17.2
21.02.2022,32,17.25
21.02.2022,33,17.55
21.02.2022,34,17.45
21.02.2022,35,17.4
21.02.2022,36,17.25
21.02.2022,37,17.45
21.02.2022,38,17.1
21.02.2022,39,17.5
21.02.2022,40,17.4
21.02.2022,41,17.55
21.02.2022,42,17.1
21.02.2022,43,18.0
21.02.2022,44,18.1
21.02.2022,45,18.8
21.02.2022,46,22.35
21.02.2022,47,20.2
21.02.2022,48,17.45
21.02.2022,49,20.7
21.02.2022,50,23.1
21.02.2022,51,20.35
21.02.2022,52,21.0
21.02.2022,53,18.3
21.02.2022,54,19.7
21.02.2022,55,19.85
21.02.2022,56,22.2
21.02.2022,57,20.0
21.02.2022,58,19.0
21.02.2022,59,20.2
21.02.2022,60,20.65
21.02.2022,61,20.1
21.02.2022,62,18.0
21.02.2022,63,17.45
21.02.2022,64,17.65
21.02.2022,65,20.4
21.02.2022,66,17.8
21.02.2022,67,18.8
21.02.2022,68,18.1
21.02.2022,69,16.95
21.02.2022,70,19.85
21.02.2022,71,18.55
21.02.2022,72,18.7
21.02.2022,73,20.95
21.02.2022,74,21.9
21.02.2022,75,17.45
21.02.2022,76,18.1
21.02.2022,77,17.85
21.02.2022,78,23.5
21.02.2022,79,18.7
21.02.2022,80,20.0
21.02.2022,81,18.1
21.02.2022,82,18.6
21.02.2022,83,19.0
21.02.2022,84,19.1
21.02.2022,85,21.3
21.02.2022,86,18.25
21.02.2022,87,17.45
21.02.2022,88,18.5
21.02.2022,89,16.6
21.02.2022,90,19.549999999999997
21.02.2022,91,19.1
21.02.2022,92,18.6
21.02.2022,93,20.5
21.02.2022,94,19.1
21.02.2022,95,18.25
21.02.2022,96,19.0
21.02.2022,97,18.5
21.02.2022,98,18.2
21.02.2022,99,17.85
21.02.2022,100,19.5
21.02.2022,101,19.8
21.02.2022,102,18.1
21.02.2022,103,18.9
21.02.2022,104,19.75
21.02.2022,105,18.5
21.02.2022,106,19.0
21.02.2022,107,18.6
21.02.2022,108,18.9
21.02.2022,109,18.5
21.02.2022,110,18.7
21.02.2022,111,19.0
21.02.2022,112,18.8
21.02.2022,113,18.4
21.02.2022,114,17.75
21.02.2022,115,18.4
21.02.2022,116,17.8
21.02.2022,117,19.0
21.02.2022,118,18.55
21.02.2022,119,18.85
21.02.2022,120,18.5
21.02.2022,121,18.1
21.02.2022,122,18.6
21.02.2022,123,18.6
21.02.2022,124,18.0
21.02.2022,125,19.5
21.02.2022,126,19.299999999999997
21.02.2022,127,18.6
21.02.2022,128,18.5
21.02.2022,129,19.6
21.02.2022,130,18.6
21.02.2022,131,18.4
21.02.2022,132,17.8
21.02.2022,133,18.3
21.02.2022,134,17.8
21.02.2022,135,18.0
21.02.2022,136,18.2
21.02.2022,137,17.25
21.02.2022,138,18.8
21.02.2022,139,19.15
21.02.2022,140,19.2
21.02.2022,141,18.5
21.02.2022,142,18.6
21.02.2022,143,18.2
21.02.2022,144,19.15
21.02.2022,145,18.0
21.02.2022,146,18.3
21.02.2022,147,16.65
21.02.2022,148,19.65
21.02.2022,149,19.9
21.02.2022,150,19.6
21.02.2022,151,18.65
21.02.2022,152,19.05
21.02.2022,153,18.6
21.02.2022,154,18.5
21.02.2022,155,18.3
21.02.2022,156,18.5
21.02.2022,157,18.7
21.02.2022,158,18.25
21.02.2022,159,17.7
21.02.2022,160,18.95
21.02.2022,161,18.4
21.02.2022,162,18.0
21.02.2022,163,18.9
21.02.2022,164,18.2
21.02.2022,165,18.95
21.02.2022,166,18.8
21.02.2022,167,18.9
21.02.2022,168,22.5
21.02.2022,169,21.85
21.02.2022,170,23.8
21.02.2022,171,22.65
21.02.2022,172,22.6
21.02.2022,173,22.45
21.02.2022,174,20.4
21.02.2022,175,18.6
21.02.2022,176,23.05
21.02.2022,177,19.15
21.02.2022,178,20.4
21.02.2022,179,21.8
21.02.2022,180,21.55
21.02.2022,181,19.55
21.02.2022,182,19.35
21.02.2022,183,18.25
21.02.2022,184,16.85
21.02.2022,185,17.15
21.02.2022,186,20.65
21.02.2022,187,19.25
21.02.2022,188,19.9
21.02.2022,189,17.2
21.02.2022,190,17.4
21.02.2022,191,18.5
21.02.2022,192,19.6
21.02.2022,193,17.7
21.02.2022,194,17.0
21.02.2022,195,17.2
21.02.2022,196,19.2
21.02.2022,197,17.0
21.02.2022,198,19.85
21.02.2022,199,16.2
21.02.2022,200,17.1
21.02.2022,201,18.5
21.02.2022,202,18.25
21.02.2022,203,18.0
21.02.2022,204,17.25
21.02.2022,205,18.65
21.02.2022,206,17.45
21.02.2022,207,18.05
21.02.2022,208,16.3
21.02.2022,209,17.8
21.02.2022,210,18.0
21.02.2022,211,19.0
21.02.2022,212,17.95
21.02.2022,213,18.3
21.02.2022,214,18.25
21.02.2022,215,18.8
21.02.2022,216,19.05
21.02.2022,217,17.9
21.02.2022,218,17.7
21.02.2022,219,18.35
21.02.2022,220,17.6
21.02.2022,221,17.5
21.02.2022,222,18.05
21.02.2022,223,17.9
21.02.2022,224,17.8
21.02.2022,225,18.1
21.02.2022,226,17.6
21.02.2022,227,21.1
21.02.2022,228,17.5
21.02.2022,229,19.3
21.02.2022,230,17.450000000000003
21.02.2022,231,16.8
21.02.2022,232,18.9
21.02.2022,233,19.7
21.02.2022,234,18.9
21.02.2022,235,18.25
21.02.2022,236,21.35
21.02.2022,237,19.3
21.02.2022,238,18.7
21.02.2022,239,19.2
21.02.2022,240,17.7
21.02.2022,241,18.8
21.02.2022,242,17.8
21.02.2022,243,19.0
21.02.2022,244,18.6
21.02.2022,245,18.4
21.02.2022,246,18.9
21.02.2022,247,18.75
21.02.2022,248,19.55
21.02.2022,249,19.2
21.02.2022,250,19.0
21.02.2022,251,18.2
21.02.2022,252,18.55
21.02.2022,253,17.7
21.02.2022,254,18.4
21.02.2022,255,15.9
21.02.2022,256,17.9
21.02.2022,257,18.3
21.02.2022,258,18.8
21.02.2022,259,18.15
21.02.2022,260,19.0
21.02.2022,261,19.8
21.02.2022,262,19.75
21.02.2022,263,20.2
21.02.2022,264,15.7
21.02.2022,265,16.05
21.02.2022,266,17.7
21.02.2022,267,18.45
21.02.2022,268,20.3
21.02.2022,269,20.35
21.02.2022,270,18.8
21.02.2022,271,18.95
21.02.2022,272,18.25
21.02.2022,273,19.8
21.02.2022,274,18.4
21.02.2022,275,17.3
21.02.2022,276,16.7
21.02.2022,277,18.85
21.02.2022,278,19.7
21.02.2022,279,22.15
21.02.2022,280,19.5
21.02.2022,281,16.5
21.02.2022,282,18.85
21.02.2022,283,20.95
21.02.2022,284,21.0
21.02.2022,285,21.1
21.02.2022,286,20.2
21.02.2022,287,19.8
21.02.2022,288,19.95
21.02.2022,289,20.3
21.02.2022,290,19.05
21.02.2022,291,19.15
21.02.2022,292,21.0
21.02.2022,293,21.0
21.02.2022,294,21.2
21.02.2022,295,19.7
21.02.2022,296,19.2
21.02.2022,297,17.2
21.02.2022,298,18.4
21.02.2022,299,20.5
21.02.2022,300,18.0
21.02.2022,301,15.2
21.02.2022,302,16.4
21.02.2022,303,19.7
21.02.2022,304,20.0
21.02.2022,305,19.7
21.02.2022,306,16.35
21.02.2022,307,20.200000000000003
21.02.2022,308,21.05
21.02.2022,309,21.9
21.02.2022,310,14.6
21.02.2022,311,15.1
21.02.2022,312,15.3
21.02.2022,313,12.9
21.02.2022,314,17.75
21.02.2022,315,17.25
21.02.2022,316,17.05
21.02.2022,317,18.1
21.02.2022,318,20.4
21.02.2022,319,27.0
21.02.2022,320,18.4
21.02.2022,321,23.05
21.02.2022,322,21.65
21.02.2022,323,22.6
21.02.2022,324,18.6
21.02.2022,325,23.25
21.02.2022,326,18.0
21.02.2022,327,23.65
21.02.2022,328,26.65
21.02.2022,329,25.85
21.02.2022,330,27.55
21.02.2022,331,23.5
21.02.2022,332,22.8
21.02.2022,333,21.0
21.02.2022,334,19.2
21.02.2022,335,18.95
21.02.2022,336,22.5
21.02.2022,337,20.1
21.02.2022,338,19.45
21.02.2022,339,19.6
21.02.2022,340,16.799999999999997
21.02.2022,341,23.5
21.02.2022,342,21.05
21.02.2022,343,20.7
21.02.2022,344,19.1
21.02.2022,345,21.549999999999997
21.02.2022,346,21.7
21.02.2022,347,19.1
21.02.2022,348,23.3
21.02.2022,349,27.1
21.02.2022,350,22.05
21.02.2022,351,24.1
21.02.2022,352,24.95
21.02.2022,353,24.200000000000003
21.02.2022,354,24.45
21.02.2022,355,23.35
21.02.2022,356,24.0
21.02.2022,357,31.4
21.02.2022,358,13.35
21.02.2022,359,25.05
21.02.2022,360,25.15
21.02.2022,361,26.25
21.02.2022,362,25.6
21.02.2022,363,28.6
21.02.2022,364,25.2
21.02.2022,365,28.5
21.02.2022,366,25.9
21.02.2022,367,28.45
21.02.2022,368,28.05
21.02.2022,369,27.0
21.02.2022,370,23.1
21.02.2022,371,27.6
21.02.2022,372,29.35
21.02.2022,373,26.45
21.02.2022,374,28.2
21.02.2022,375,28.65
21.02.2022,376,28.2
21.02.2022,377,27.3
21.02.2022,378,25.15
21.02.2022,379,27.0
21.02.2022,380,27.7
21.02.2022,381,28.75
21.02.2022,382,28.3
21.02.2022,383,28.6
21.02.2022,384,29.0
21.02.2022,385,27.3
21.02.2022,386,26.5
21.02.2022,387,26.200000000000003
21.02.2022,388,26.6
21.02.2022,389,28.35
21.02.2022,390,28.5
21.02.2022,391,28.05
21.02.2022,392,25.3
21.02.2022,393,26.45
21.02.2022,394,28.35
21.02.2022,395,27.65
21.02.2022,396,0.0
21.02.2022,397,20.799999999999997
21.02.2022,398,24.15
21.02.2022,399,20.8
21.02.2022,400,27.700000000000003
21.02.2022,401,27.85
21.02.2022,402,25.4
21.02.2022,403,27.7
21.02.2022,404,26.7
21.02.2022,405,26.1
21.02.2022,406,25.2
21.02.2022,407,26.65
21.02.2022,408,27.0
21.02.2022,409,19.0
21.02.2022,410,18.85
21.02.2022,411,18.2
21.02.2022,412,22.9
21.02.2022,413,19.9
21.02.2022,414,23.4
21.02.2022,415,24.55
21.02.2022,416,21.2
21.02.2022,417,19.15
21.02.2022,418,22.450000000000003
21.02.2022,419,22.2
21.02.2022,420,14.9
21.02.2022,421,18.15
21.02.2022,422,16.7
21.02.2022,423,17.65
21.02.2022,424,20.65
21.02.2022,425,16.15
21.02.2022,426,16.4
21.02.2022,427,24.65
21.02.2022,428,15.149999999999999
21.02.2022,429,21.25
21.02.2022,430,13.6
21.02.2022,431,18.85
21.02.2022,432,17.6
21.02.2022,433,18.75
21.02.2022,434,14.5
21.02.2022,435,17.95
21.02.2022,436,20.049999999999997
21.02.2022,437,18.1
21.02.2022,438,16.0
21.02.2022,439,15.3
21.02.2022,440,19.8
21.02.2022,441,20.55
21.02.2022,442,17.95
21.02.2022,443,18.6
21.02.2022,444,19.9
21.02.2022,445,15.600000000000001
21.02.2022,446,20.45
21.02.2022,447,17.7
21.02.2022,448,21.8
21.02.2022,449,18.9
21.02.2022,450,19.05
21.02.2022,451,13.6
21.02.2022,452,19.25
21.02.2022,453,23.3
21.02.2022,454,28.799999999999997
21.02.2022,455,17.6
21.02.2022,456,19.15
21.02.2022,457,26.1
21.02.2022,458,19.75
21.02.2022,459,17.75
21.02.2022,460,20.85
21.02.2022,461,21.6
21.02.2022,462,21.1
21.02.2022,463,18.15
21.02.2022,464,27.4
21.02.2022,465,24.4
21.02.2022,466,26.15
21.02.2022,467,25.35
21.02.2022,468,31.9
21.02.2022,469,26.4
21.02.2022,470,26.799999999999997
21.02.2022,471,21.05
21.02.2022,472,29.549999999999997
21.02.2022,473,34.6
21.02.2022,474,33.2
21.02.2022,475,32.6
21.02.2022,476,28.7
21.02.2022,477,24.450000000000003
21.02.2022,478,23.8
21.02.2022,479,20.85
21.02.2022,480,29.65
21.02.2022,481,22.299999999999997
21.02.2022,482,23.1
21.02.2022,483,19.55
21.02.2022,484,25.7
21.02.2022,485,25.9
21.02.2022,486,25.0
21.02.2022,487,27.25
21.02.2022,488,25.6
21.02.2022,489,26.5
21.02.2022,490,25.7
21.02.2022,491,23.75
21.02.2022,492,21.7
21.02.2022,493,23.4
21.02.2022,494,24.7
21.02.2022,495,24.799999999999997
21.02.2022,496,23.6
21.02.2022,497,23.3
21.02.2022,498,22.2
21.02.2022,499,21.7
21.02.2022,500,24.549999999999997
21.02.2022,501,24.25
21.02.2022,502,24.15
21.02.2022,503,21.8
21.02.2022,504,22.2
21.02.2022,505,22.2
21.02.2022,506,18.75
21.02.2022,507,21.25
21.02.2022,508,22.9
21.02.2022,509,21.9
21.02.2022,510,22.1
21.02.2022,511,22.0
21.02.2022,512,18.85
21.02.2022,513,22.0
21.02.2022,514,22.7
21.02.2022,515,23.3
21.02.2022,516,23.2
21.02.2022,517,23.1
21.02.2022,518,22.25
21.02.2022,519,22.4
21.02.2022,520,21.25
21.02.2022,521,21.85
21.02.2022,522,23.1
21.02.2022,523,23.5
21.02.2022,524,22.85
21.02.2022,525,23.15
21.02.2022,526,20.4
21.02.2022,527,18.4
21.02.2022,528,23.6
21.02.2022,529,23.6
21.02.2022,530,23.5
21.02.2022,531,24.4
21.02.2022,532,22.4
21.02.2022,533,20.65
21.02.2022,534,22.6
21.02.2022,535,21.6
21.02.2022,536,22.55
21.02.2022,537,22.7
21.02.2022,538,21.7
21.02.2022,539,22.5
21.02.2022,540,21.9
21.02.2022,541,21.9
21.02.2022,542,22.75
21.02.2022,543,22.5
21.02.2022,544,22.2
21.02.2022,545,19.4
21.02.2022,546,20.6
21.02.2022,547,21.45
21.02.2022,548,22.0
21.02.2022,549,22.5
21.02.2022,550,25.0
21.02.2022,551,25.2
21.02.2022,552,23.7
21.02.2022,553,21.35
21.02.2022,554,22.7
21.02.2022,555,23.2
21.02.2022,556,21.8
21.02.2022,557,22.9
21.02.2022,558,23.8
21.02.2022,559,20.5
21.02.2022,560,21.0
21.02.2022,561,22.45
21.02.2022,562,22.3
21.02.2022,563,22.9
21.02.2022,564,20.3
21.02.2022,565,24.3
21.02.2022,566,22.9
21.02.2022,567,22.0
21.02.2022,568,23.1
21.02.2022,569,19.55
21.02.2022,570,20.2
21.02.2022,571,20.2
21.02.2022,572,21.2
21.02.2022,573,20.2
21.02.2022,574,20.1
21.02.2022,575,20.1
21.02.2022,576,20.4
21.02.2022,577,19.95
21.02.2022,578,0.0
21.02.2022,579,22.15
21.02.2022,580,23.9
21.02.2022,581,20.7
21.02.2022,582,22.15
21.02.2022,583,22.85
21.02.2022,584,21.85
21.02.2022,585,20.8
21.02.2022,586,22.4
21.02.2022,587,20.95
21.02.2022,588,22.2
21.02.2022,589,22.6
21.02.2022,590,22.6
21.02.2022,591,21.35
21.02.2022,592,22.0
21.02.2022,593,21.7
21.02.2022,594,21.0
21.02.2022,595,21.15
21.02.2022,596,22.15
21.02.2022,597,20.9
21.02.2022,598,20.2
21.02.2022,599,21.8
21.02.2022,600,21.55
21.02.2022,601,20.9
21.02.2022,602,22.3
21.02.2022,603,22.85
21.02.2022,604,22.799999999999997
21.02.2022,605,23.9
21.02.2022,606,23.9
21.02.2022,607,23.9
21.02.2022,608,24.95
21.02.2022,609,22.95
21.02.2022,610,22.8
21.02.2022,611,25.1
21.02.2022,612,22.4
21.02.2022,613,21.5
21.02.2022,614,21.45
21.02.2022,615,25.2
21.02.2022,616,22.7
21.02.2022,617,23.3
21.02.2022,618,21.6
21.02.2022,619,22.5
21.02.2022,620,21.1
21.02.2022,621,22.6
21.02.2022,622,22.15
21.02.2022,623,23.05
21.02.2022,624,20.799999999999997
21.02.2022,625,21.9
21.02.2022,626,22.6
21.02.2022,627,21.2
21.02.2022,628,22.05
21.02.2022,629,20.35
21.02.2022,630,20.8
21.02.2022,631,21.200000000000003
21.02.2022,632,22.3
21.02.2022,633,21.0
21.02.2022,634,22.4
21.02.2022,635,23.4
21.02.2022,636,24.3
21.02.2022,637,23.4
21.02.2022,638,23.4
21.02.2022,639,24.0
21.02.2022,640,23.3
21.02.2022,641,23.5
21.02.2022,642,20.8
21.02.2022,643,23.2
21.02.2022,644,23.7
21.02.2022,645,23.299999999999997
21.02.2022,646,22.05
21.02.2022,647,22.9
21.02.2022,648,23.6
21.02.2022,649,21.45
21.02.2022,650,22.15
21.02.2022,651,24.2
21.02.2022,652,22.45
21.02.2022,653,22.0
21.02.2022,654,23.4
21.02.2022,655,23.4
21.02.2022,656,22.45
21.02.2022,657,21.75
21.02.2022,658,21.75
21.02.2022,659,21.6
21.02.2022,660,22.1
21.02.2022,661,21.9
21.02.2022,662,22.9
21.02.2022,663,23.0
21.02.2022,664,21.25
21.02.2022,665,22.75
21.02.2022,666,23.4
21.02.2022,667,22.200000000000003
21.02.2022,668,17.450000000000003
21.02.2022,669,19.1
21.02.2022,670,20.5
21.02.2022,671,22.9
21.02.2022,672,22.8
21.02.2022,673,21.35
21.02.2022,674,20.45
21.02.2022,675,22.1
21.02.2022,676,21.5
21.02.2022,677,21.0
21.02.2022,678,19.6
21.02.2022,679,21.7
21.02.2022,680,21.85
21.02.2022,681,21.85
21.02.2022,682,22.1
21.02.2022,683,22.0
21.02.2022,684,21.2
21.02.2022,685,20.2
21.02.2022,686,21.95
21.02.2022,687,20.45
21.02.2022,688,20.5
21.02.2022,689,21.25
21.02.2022,690,20.2
21.02.2022,691,18.55
21.02.2022,692,19.6
21.02.2022,693,20.5
21.02.2022,694,20.5
21.02.2022,695,20.15
21.02.2022,696,21.05
21.02.2022,697,19.75
21.02.2022,698,22.25
21.02.2022,699,21.15
21.02.2022,700,22.3
21.02.2022,701,23.75
21.02.2022,702,21.8
21.02.2022,703,23.3
21.02.2022,704,22.8
21.02.2022,705,21.25
21.02.2022,706,21.9
21.02.2022,707,22.3
21.02.2022,708,22.2
21.02.2022,709,22.3
21.02.2022,710,20.7
21.02.2022,711,20.15
21.02.2022,712,20.55
21.02.2022,713,24.05
21.02.2022,714,22.15
21.02.2022,715,23.0
21.02.2022,716,20.5
21.02.2022,717,20.4
21.02.2022,718,21.35
21.02.2022,719,20.0
21.02.2022,720,21.2
21.02.2022,721,21.2
21.02.2022,722,21.9
21.02.2022,723,21.15
21.02.2022,724,21.85
21.02.2022,725,20.6
21.02.2022,726,21.8
21.02.2022,727,21.6
21.02.2022,728,20.7
21.02.2022,729,21.05
21.02.2022,730,22.05
21.02.2022,731,20.9
21.02.2022,732,20.9
21.02.2022,733,22.9
21.02.2022,734,22.5
21.02.2022,735,22.1
21.02.2022,736,22.9
21.02.2022,737,22.95
21.02.2022,738,22.55
21.02.2022,739,21.6
21.02.2022,740,21.35
21.02.2022,741,21.4
21.02.2022,742,20.75
21.02.2022,743,19.9
21.02.2022,744,21.1
21.02.2022,745,21.95
21.02.2022,746,22.6
21.02.2022,747,23.3
21.02.2022,748,22.85
21.02.2022,749,22.049999999999997
21.02.2022,750,21.55
21.02.2022,751,24.4
21.02.2022,752,22.45
21.02.2022,753,21.4
21.02.2022,754,22.7
21.02.2022,755,22.4
21.02.2022,756,22.4
21.02.2022,757,22.5
21.02.2022,758,21.4
21.02.2022,759,23.0
21.02.2022,760,22.25
21.02.2022,761,21.4
21.02.2022,762,22.3
21.02.2022,763,21.5
21.02.2022,764,22.2
21.02.2022,765,19.45
21.02.2022,766,21.25
21.02.2022,767,22.8
21.02.2022,768,22.1
21.02.2022,769,22.65
21.02.2022,770,22.2
21.02.2022,771,21.6
21.02.2022,772,21.8
21.02.2022,773,22.35
21.02.2022,774,21.200000000000003
21.02.2022,775,22.7
21.02.2022,776,22.4
21.02.2022,777,22.4
21.02.2022,778,22.7
21.02.2022,779,22.8
21.02.2022,780,21.5
21.02.2022,781,22.5
21.02.2022,782,23.1
21.02.2022,783,23.0
21.02.2022,784,23.15
21.02.2022,785,23.1
21.02.2022,786,22.8
21.02.2022,787,21.6
21.02.2022,788,20.2
21.02.2022,789,20.55
21.02.2022,790,22.55
21.02.2022,791,22.5
21.02.2022,792,21.3
21.02.2022,793,21.95
21.02.2022,794,22.45
21.02.2022,795,22.7
21.02.2022,796,22.1
21.02.2022,797,21.85
21.02.2022,798,21.3
21.02.2022,799,21.5
21.02.2022,800,20.200000000000003
21.02.2022,801,16.7
21.02.2022,802,19.9
21.02.2022,803,20.3
21.02.2022,804,19.4
21.02.2022,805,20.4
21.02.2022,806,18.95
21.02.2022,807,19.05
21.02.2022,808,20.65
21.02.2022,809,16.6
21.02.2022,810,15.05
21.02.2022,811,14.8
21.02.2022,812,14.75
21.02.2022,813,12.850000000000001
21.02.2022,814,12.6
21.02.2022,815,19.45
21.02.2022,816,18.75
21.02.2022,817,20.2
21.02.2022,818,15.9
21.02.2022,819,16.1
21.02.2022,820,15.8
21.02.2022,821,0.0
21.02.2022,822,18.45
21.02.2022,823,23.65
21.02.2022,824,20.45
21.02.2022,825,20.7
21.02.2022,826,21.4
21.02.2022,827,23.85
21.02.2022,828,23.8
21.02.2022,829,22.3
21.02.2022,830,23.55
21.02.2022,831,21.8
21.02.2022,832,20.75
21.02.2022,833,23.45
21.02.2022,834,22.0
21.02.2022,835,21.05
21.02.2022,836,24.45
21.02.2022,837,27.55
21.02.2022,838,26.45
21.02.2022,839,26.85
21.02.2022,840,0.0
21.02.2022,841,30.200000000000003
21.02.2022,842,26.95
21.02.2022,843,25.95
21.02.2022,844,23.799999999999997
21.02.2022,845,20.3
21.02.2022,846,19.75
21.02.2022,847,19.8
21.02.2022,848,18.65
21.02.2022,849,21.3
21.02.2022,850,21.35
21.02.2022,851,23.0
21.02.2022,852,22.4
21.02.2022,853,25.35
21.02.2022,854,25.7
21.02.2022,855,20.55
21.02.2022,856,24.4
21.02.2022,857,19.3
21.02.2022,858,19.0
21.02.2022,859,23.6
21.02.2022,860,16.0
21.02.2022,861,22.8
21.02.2022,862,21.4
21.02.2022,863,22.65
21.02.2022,864,24.950000000000003
21.02.2022,865,24.6
21.02.2022,866,24.9
21.02.2022,867,24.0
21.02.2022,868,27.7
21.02.2022,869,25.45
21.02.2022,870,20.35
21.02.2022,871,24.05
21.02.2022,872,26.45
21.02.2022,873,23.05
21.02.2022,874,21.65
21.02.2022,875,20.75
21.02.2022,876,25.9
21.02.2022,877,21.450000000000003
21.02.2022,878,18.700000000000003
21.02.2022,879,23.75
21.02.2022,880,17.1
21.02.2022,881,25.4
21.02.2022,882,24.05
21.02.2022,883,20.9
21.02.2022,884,18.65
21.02.2022,885,23.9
21.02.2022,886,24.5
21.02.2022,887,23.9
21.02.2022,888,24.9
21.02.2022,889,21.5
21.02.2022,890,16.65
21.02.2022,891,24.0
21.02.2022,892,21.45
21.02.2022,893,19.85
21.02.2022,894,18.8
21.02.2022,895,15.850000000000001
21.02.2022,896,22.299999999999997
21.02.2022,897,21.15
21.02.2022,898,19.6
21.02.2022,899,17.65
21.02.2022,900,20.7
21.02.2022,901,19.9
21.02.2022,902,12.95
21.02.2022,903,17.6
21.02.2022,904,19.55
21.02.2022,905,22.75
21.02.2022,906,19.5
21.02.2022,907,21.7
21.02.2022,908,23.5
21.02.2022,909,11.7
21.02.2022,910,12.9
21.02.2022,911,18.5
21.02.2022,912,22.6
21.02.2022,913,18.200000000000003
21.02.2022,914,20.799999999999997
21.02.2022,915,21.8
21.02.2022,916,20.6
21.02.2022,917,20.75
21.02.2022,918,18.8
21.02.2022,919,17.65
21.02.2022,920,20.75
21.02.2022,921,18.8
21.02.2022,922,25.85
21.02.2022,923,23.4
21.02.2022,924,19.45
21.02.2022,925,18.4
21.02.2022,926,26.6
21.02.2022,927,22.6
21.02.2022,928,22.3
21.02.2022,929,23.55
21.02.2022,930,21.8
21.02.2022,931,24.55
21.02.2022,932,25.6
21.02.2022,933,21.1
21.02.2022,934,22.1
21.02.2022,935,17.9
21.02.2022,936,20.2
21.02.2022,937,19.8
21.02.2022,938,21.2
21.02.2022,939,22.9
21.02.2022,940,16.700000000000003
21.02.2022,941,18.4
21.02.2022,942,17.8
21.02.2022,943,23.450000000000003
21.02.2022,944,16.35
21.02.2022,945,17.25
21.02.2022,946,20.65
21.02.2022,947,18.05
21.02.2022,948,17.0
21.02.2022,949,20.6
21.02.2022,950,25.55
21.02.2022,951,23.25
21.02.2022,952,25.35
21.02.2022,953,24.05
21.02.2022,954,17.25
21.02.2022,955,20.0
21.02.2022,956,18.9
21.02.2022,957,18.9
21.02.2022,958,20.5
21.02.2022,959,22.6
21.02.2022,960,30.25
21.02.2022,961,27.200000000000003
21.02.2022,962,22.35
21.02.2022,963,22.5
21.02.2022,964,25.65
21.02.2022,965,21.7
21.02.2022,966,17.7
21.02.2022,967,20.4
21.02.2022,968,17.049999999999997
21.02.2022,969,16.35
21.02.2022,970,16.65
21.02.2022,971,18.700000000000003
21.02.2022,972,22.6
21.02.2022,973,23.0
21.02.2022,974,23.6
21.02.2022,975,19.6
21.02.2022,976,19.15
21.02.2022,977,19.15
21.02.2022,978,14.149999999999999
21.02.2022,979,21.35
21.02.2022,980,19.5
21.02.2022,981,19.2
21.02.2022,982,16.0
21.02.2022,983,17.15
21.02.2022,984,19.950000000000003
21.02.2022,985,23.3
21.02.2022,986,19.05
21.02.2022,987,15.3
21.02.2022,988,16.0
21.02.2022,989,19.35
21.02.2022,990,14.25
21.02.2022,991,15.3
21.02.2022,992,17.299999999999997
21.02.2022,993,18.799999999999997
21.02.2022,994,21.3
21.02.2022,995,22.6
21.02.2022,996,15.850000000000001
21.02.2022,997,14.95
21.02.2022,998,14.5
21.02.2022,999,17.25
21.02.2022,1000,17.4
21.02.2022,1001,15.8
21.02.2022,1002,20.4
21.02.2022,1003,17.75
21.02.2022,1004,17.8
21.02.2022,1005,18.65
21.02.2022,1006,19.7
21.02.2022,1007,19.9
21.02.2022,1008,25.7
21.02.2022,1009,22.7
21.02.2022,1010,19.5
21.02.2022,1011,17.65
21.02.2022,1012,21.05
21.02.2022,1013,22.7
21.02.2022,1014,20.3
21.02.2022,1015,23.799999999999997
21.02.2022,1016,23.0
21.02.2022,1017,15.55
21.02.2022,1018,22.15
21.02.2022,1019,24.95
21.02.2022,1020,21.8
21.02.2022,1021,18.7
21.02.2022,1022,18.2
21.02.2022,1023,21.3
21.02.2022,1024,25.0
21.02.2022,1025,19.5
21.02.2022,1026,21.6
21.02.2022,1027,19.9
21.02.2022,1028,18.4
21.02.2022,1029,21.35
21.02.2022,1030,17.5
21.02.2022,1031,18.3
21.02.2022,1032,20.7
21.02.2022,1033,14.8
21.02.2022,1034,18.799999999999997
21.02.2022,1035,22.450000000000003
21.02.2022,1036,23.45
21.02.2022,1037,17.4
21.02.2022,1038,21.8
21.02.2022,1039,18.9
21.02.2022,1040,23.55
21.02.2022,1041,19.85
21.02.2022,1042,17.75
21.02.2022,1043,22.1
21.02.2022,1044,22.1
21.02.2022,1045,23.1
21.02.2022,1046,21.7
21.02.2022,1047,20.8
21.02.2022,1048,16.3
21.02.2022,1049,19.5
21.02.2022,1050,18.15
21.02.2022,1051,24.55
21.02.2022,1052,20.75
21.02.2022,1053,0.0
21.02.2022,1054,16.450000000000003
21.02.2022,1055,23.3
21.02.2022,1056,21.6
21.02.2022,1057,15.6
21.02.2022,1058,23.450000000000003
21.02.2022,1059,27.5
21.02.2022,1060,17.0
21.02.2022,1061,18.05
21.02.2022,1062,19.8
21.02.2022,1063,20.700000000000003
21.02.2022,1064,22.799999999999997
21.02.2022,1065,24.55
21.02.2022,1066,18.0
21.02.2022,1067,23.3
21.02.2022,1068,25.45
21.02.2022,1069,25.2
21.02.2022,1070,24.45
21.02.2022,1071,24.2
21.02.2022,1072,24.7
21.02.2022,1073,23.55
21.02.2022,1074,24.0
21.02.2022,1075,23.5
21.02.2022,1076,24.049999999999997
21.02.2022,1077,19.8
21.02.2022,1078,23.3
21.02.2022,1079,23.7
21.02.2022,1080,22.9
21.02.2022,1081,21.45
21.02.2022,1082,24.25
21.02.2022,1083,22.8
21.02.2022,1084,25.3
21.02.2022,1085,23.85
21.02.2022,1086,25.3
21.02.2022,1087,26.3
21.02.2022,1088,19.45
21.02.2022,1089,25.8
21.02.2022,1090,25.3
21.02.2022,1091,25.5
21.02.2022,1092,26.7
21.02.2022,1093,24.9
21.02.2022,1094,19.15
21.02.2022,1095,21.9
21.02.2022,1096,22.15
21.02.2022,1097,19.2
21.02.2022,1098,22.05
21.02.2022,1099,25.35
21.02.2022,1100,23.0
21.02.2022,1101,15.850000000000001
21.02.2022,1102,20.75
21.02.2022,1103,19.5
21.02.2022,1104,20.45
21.02.2022,1105,20.1
21.02.2022,1106,19.799999999999997
21.02.2022,1107,18.7
21.02.2022,1108,13.7
21.02.2022,1109,16.6
21.02.2022,1110,15.0
21.02.2022,1111,15.2
21.02.2022,1112,19.35
21.02.2022,1113,22.9
21.02.2022,1114,16.1
21.02.2022,1115,22.4
21.02.2022,1116,22.65
21.02.2022,1117,15.45
21.02.2022,1118,24.5
21.02.2022,1119,23.15
21.02.2022,1120,21.75
21.02.2022,1121,16.4
21.02.2022,1122,15.5
21.02.2022,1123,27.2
21.02.2022,1124,25.2
21.02.2022,1125,23.75
21.02.2022,1126,25.15
21.02.2022,1127,24.9
21.02.2022,1128,24.6
21.02.2022,1129,17.85
21.02.2022,1130,21.1
21.02.2022,1131,23.1
21.02.2022,1132,27.05
21.02.2022,1133,22.8
21.02.2022,1134,21.45
21.02.2022,1135,22.1
21.02.2022,1136,19.05
21.02.2022,1137,20.15
21.02.2022,1138,20.1
21.02.2022,1139,19.05
21.02.2022,1140,18.75
21.02.2022,1141,21.65
21.02.2022,1142,18.3
21.02.2022,1143,25.1
21.02.2022,1144,19.7
21.02.2022,1145,20.4
21.02.2022,1146,20.9
21.02.2022,1147,22.65
21.02.2022,1148,17.2
21.02.2022,1149,18.1
21.02.2022,1150,21.700000000000003
21.02.2022,1151,20.049999999999997
21.02.2022,1152,26.0
21.02.2022,1153,28.5
21.02.2022,1154,25.95
21.02.2022,1155,21.7
21.02.2022,1156,20.5
21.02.2022,1157,20.25
21.02.2022,1158,22.8
21.02.2022,1159,18.85
21.02.2022,1160,18.3
21.02.2022,1161,25.4
21.02.2022,1162,18.799999999999997
21.02.2022,1163,17.35
21.02.2022,1164,19.700000000000003
21.02.2022,1165,21.05
21.02.2022,1166,18.4
21.02.2022,1167,24.200000000000003
21.02.2022,1168,0.0
21.02.2022,1169,27.0
21.02.2022,1170,20.1
21.02.2022,1171,18.45
21.02.2022,1172,22.200000000000003
21.02.2022,1173,19.95
21.02.2022,1174,16.3
21.02.2022,1175,16.2
21.02.2022,1176,19.9
21.02.2022,1177,21.5
21.02.2022,1178,0.0
21.02.2022,1179,19.950000000000003
21.02.2022,1180,18.05
21.02.2022,1181,19.65
21.02.2022,1182,14.350000000000001
21.02.2022,1183,19.2
21.02.2022,1184,17.4
21.02.2022,1185,16.35
21.02.2022,1186,17.6
21.02.2022,1187,18.4
21.02.2022,1188,15.350000000000001
21.02.2022,1189,18.7
21.02.2022,1190,15.6
21.02.2022,1191,17.35
21.02.2022,1192,16.1
21.02.2022,1193,18.0
21.02.2022,1194,16.95
21.02.2022,1195,17.4
21.02.2022,1196,19.4
21.02.2022,1197,16.6
21.02.2022,1198,27.5
21.02.2022,1199,25.4
21.02.2022,1200,26.0
21.02.2022,1201,24.9
21.02.2022,1202,22.2
21.02.2022,1203,23.95
21.02.2022,1204,23.700000000000003
21.02.2022,1205,26.700000000000003
21.02.2022,1206,24.200000000000003
21.02.2022,1207,24.85
21.02.2022,1208,27.4
21.02.2022,1209,26.45
21.02.2022,1210,20.1
21.02.2022,1211,23.1
21.02.2022,1212,16.9
21.02.2022,1213,17.35
21.02.2022,1214,22.1
21.02.2022,1215,24.35
21.02.2022,1216,19.25
21.02.2022,1217,13.45
21.02.2022,1218,21.15
21.02.2022,1219,17.75
21.02.2022,1220,21.15
21.02.2022,1221,23.0
21.02.2022,1222,22.3
21.02.2022,1223,12.75
21.02.2022,1224,19.95
21.02.2022,1225,26.4
21.02.2022,1226,23.2
21.02.2022,1227,23.4
21.02.2022,1228,23.5
21.02.2022,1229,23.65
21.02.2022,1230,27.15
21.02.2022,1231,0.0
21.02.2022,1232,25.95
21.02.2022,1233,26.8
21.02.2022,1234,24.2
21.02.2022,1235,25.6
21.02.2022,1236,26.7
21.02.2022,1237,24.799999999999997
21.02.2022,1238,20.5
21.02.2022,1239,18.6
21.02.2022,1240,19.05
21.02.2022,1241,16.25
21.02.2022,1242,15.649999999999999
21.02.2022,1243,24.700000000000003
21.02.2022,1244,24.55
21.02.2022,1245,20.85
21.02.2022,1246,19.3
21.02.2022,1247,20.15
21.02.2022,1248,18.15
21.02.2022,1249,22.25
21.02.2022,1250,23.200000000000003
21.02.2022,1251,21.2
21.02.2022,1252,21.8
21.02.2022,1253,24.75
21.02.2022,1254,24.6
21.02.2022,1255,24.8
21.02.2022,1256,25.2
